( micro ) habitats | RESOURCE
13C | RESOURCE
14C depleted organic matter | RESOURCE
14C | RESOURCE
2E , 4E / Z - decadienal ( DECA ) | RESOURCE
2E , 4E / Z - heptadienal ( HEPTA ) | RESOURCE
2E , 4E / Z - octadienal ( OCTA ) | RESOURCE
A . alba | RESOURCE
A . aurita | ACTOR
AMO | PROCESS
Aboriginal | QUALITY
Accra | LOCATION
Acidification | PROCESS
Adaptation | PROCESS
Adelaide | LOCATION
Adults | ACTOR
Agencies | ACTOR
Agricultural drainage ditches | RESOURCE
Akaray Basin | LOCATION
Akaray | LOCATION
Akwapim fault zone | LOCATION
Alabama | LOCATION
Algal polysaccharides | RESOURCE
Amalfi Coast | LOCATION
Andalusia | LOCATION
Andes | LOCATION
Anguilla anguilla | ACTOR
Anhui | LOCATION
Anisotropy | QUALITY
Anostraca | RESOURCE
Apalachicola Bay | LOCATION
Apulia | LOCATION
Apulian | LOCATION
Aquitanian | LOCATION
Arabian Peninsula | LOCATION
Arctic | LOCATION
Argentina | LOCATION
Argentinian shelf - break | LOCATION
Aristichthys nobilis | ACTOR
Artemia | RESOURCE
Asellus aquaticus | ACTOR
Asi | LOCATION
Asian silver carp | ACTOR
Atlantic Meridional Overturning Circulation ( AMOC ) | PROCESS
Atlantic Multidecadal Oscillation ( AMO ) | PROCESS
Atlantic Ocean | LOCATION
Atlantic overturning circulation | PROCESS
Atlantic | LOCATION
Austos Pond | LOCATION
Australia | LOCATION
AuthorsClimate change | PROCESS
Avicennia alba | RESOURCE
Azov Sea | LOCATION
BCF value | QUALITY
BJBR | LOCATION
Bacterial viability | QUALITY
Bacteroidetes | ACTOR
Bacteroidetes | RESOURCE
Baengnyeongdo Island | LOCATION
Baengnyeongdo | LOCATION
Baffin Bay - Davis Strait | LOCATION
Baie - du - Febvre | LOCATION
Baijuhuajian | LOCATION
Baltic Sea | LOCATION
Bangladesh | LOCATION
Barra do Furado | LOCATION
Barra | LOCATION
Bay of Biscay | LOCATION
Bay of Fundy | LOCATION
Beach nourishment | PROCESS
Bearded seals | ACTOR
Beaufort Sea | LOCATION
Bee Jay Bakau Resort ( BJBR ) | LOCATION
Belyounech 2 | LOCATION
Bhavnagar district | LOCATION
Bilbao estuary | RESOURCE
Biomass | QUALITY
Biotope matrices | RESOURCE
Birds | ACTOR
Black Sea Convention | RESOURCE
Black Sea | LOCATION
Blanes Bay | LOCATION
Bolivian High Andes | LOCATION
Brazil | LOCATION
Brazilian population | ACTOR
Brazilian | LOCATION
Breeding sites | LOCATION
Bryopsidophyceae | RESOURCE
Bugach freshwater reservoir | LOCATION
Built - up area change detection ( BCD ) | PROCESS
C . chromis | ACTOR
C . teedii | RESOURCE
C16 acid | RESOURCE
CCD | QUALITY
CEC | QUALITY
CFC | LOCATION
CFRB | LOCATION
CO2 sink | RESOURCE
CO2 | RESOURCE
COVID - 19 | ACTOR
CRZ | RESOURCE
CUPs | RESOURCE
CVI | RESOURCE
Campania | LOCATION
Campi Flegrei caldera | LOCATION
Canada | LOCATION
Canadian | LOCATION
Cap - Ferret Canyon ( CFC ) | LOCATION
Cape Fear River Basin ( CFRB ) | LOCATION
Cape Fear River | LOCATION
Cape Town | LOCATION
Cape Verde Republic | LOCATION
Carassius carassius | ACTOR
Carnegie Ridge | LOCATION
Cd | RESOURCE
Chaetomorpha | RESOURCE
Chile | LOCATION
Chilika lagoon | LOCATION
Chilika | LOCATION
China | LOCATION
Chlorophyceae | RESOURCE
Chlorophyll - a | RESOURCE
Chlorophyta | RESOURCE
Chondracanthus teedii ( Mertens ex Roth ) Fredericq | RESOURCE
Chromis chromis | ACTOR
Citizen science | RESOURCE
Climate - model predictions | PROCESS
Climate change | PROCESS
Clypeaster | RESOURCE
Coastal Regulation Zone ( CRZ ) | RESOURCE
Coastal Vulnerability Index ( CVI ) | RESOURCE
Coastal aquatic environments | RESOURCE
Coastal areas | LOCATION
Coastal areas | RESOURCE
Coastal change | PROCESS
Coastal flooding | PROCESS
Coastal groundwater aquifers | RESOURCE
Coastal habitats | RESOURCE
Coastal tourism | PROCESS
Coastal zone | LOCATION
Coastlines | RESOURCE
Cochin Islands | LOCATION
Cochin | LOCATION
Construction | PROCESS
Constructions | RESOURCE
Cr | RESOURCE
Crustacea | RESOURCE
Crustal instability | QUALITY
Ctenopharyngodon idella | ACTOR
Cyprinus carpio | ACTOR
DEM | QUALITY
DGR | QUALITY
DIC | RESOURCE
DIN | RESOURCE
DIP | RESOURCE
DMSP / OLS | QUALITY
DNF | PROCESS
DSi | RESOURCE
Dalya | LOCATION
Damming | PROCESS
Dasycladophyceae | RESOURCE
Dead Sea | LOCATION
Deep River | LOCATION
Deepwater Horizon | PROCESS
Density | QUALITY
Department of Irrigation and Drainage ( DID ) | ACTOR
Depleted radiocarbon | RESOURCE
Desertification | PROCESS
Dicentrarchus labrax | RESOURCE
Diploneis aokiensis | ACTOR
Diploneis conopeospongiosa | ACTOR
Diploneis implicatus | ACTOR
Diploneis lacustris | ACTOR
Diploneis pumicosus | ACTOR
Diploneis | ACTOR
Djilor district | LOCATION
Dutch | LOCATION
E - W | LOCATION
E . canadensis | ACTOR
EC Directives | RESOURCE
EC | QUALITY
EU Landing Obligation | RESOURCE
Echinocyamus | RESOURCE
Echinolampas | RESOURCE
Ecosystem services ( ESs ) | RESOURCE
Ecotourism | PROCESS
Ecuador | LOCATION
Egypt | LOCATION
Egyptian | LOCATION
El Hwad | LOCATION
Elevated O3 exposure | PROCESS
Elodea canadensis | ACTOR
English Channel | LOCATION
Epinephelus marginatus | ACTOR
Erignathus barbatus | ACTOR
Ernakulam district | LOCATION
Erosion | PROCESS
Erythrean | LOCATION
Escherichia coli | ACTOR
Estuary | RESOURCE
Eucalyptus | RESOURCE
Eucheuma cotonii | RESOURCE
Europe | LOCATION
European eel | ACTOR
European perch | ACTOR
Eutrophication | PROCESS
Evacuation plans | RESOURCE
Evaporation duct | PROCESS
Excessive primary productivity | PROCESS
FA composition | QUALITY
FAs | RESOURCE
Farol de So Tom | LOCATION
Fielder Ridge | LOCATION
Fisheries Act | RESOURCE
Fisheries Protection Program | RESOURCE
Fishing effort | PROCESS
Fishing | PROCESS
Fissurella clench | RESOURCE
Flamingolepis liguloides | ACTOR
Flocculation | PROCESS
Floodwaters | RESOURCE
Florida | LOCATION
Food habits | QUALITY
Franca | LOCATION
French | LOCATION
Fujian | LOCATION
Fukuoka | LOCATION
Funtanazza | LOCATION
G . fasciatus | ACTOR
G . ghoerensis | ACTOR
G . lacustris | ACTOR
GIZCAM | RESOURCE
GPP | PROCESS
GW recharge | PROCESS
Gambusia affinis | ACTOR
Gammaproteobacteria | ACTOR
Gammarus lacustris Sars | ACTOR
Gammarus | ACTOR
Ganga River basin | LOCATION
Garra rufa | ACTOR
Genocidaris | RESOURCE
Ghana | LOCATION
Ghandouri | LOCATION
Gimolskoe | LOCATION
Gironde Estuary | LOCATION
Global Spatial Autocorrelation | QUALITY
Gmelinoides fasciatus | ACTOR
Gracilaria coronopifolia | RESOURCE
Gracilaria domingensis ( Ktzing ) Sonder ex Dickie | RESOURCE
Grateloupia | RESOURCE
Groups | ACTOR
Guangdong | LOCATION
Guangxi | LOCATION
Guangzhou | LOCATION
Guizhou | LOCATION
Gujarat | LOCATION
Gujarats | LOCATION
Gulf of Mexico | LOCATION
Gulf of Naples | LOCATION
Gulf | LOCATION
H . menziesi | ACTOR
H2O2 | RESOURCE
HABs | PROCESS
HEU | PROCESS
HNEU | PROCESS
Hainan Island | LOCATION
Hainan | LOCATION
Harmful Algal Blooms ( HABs ) | PROCESS
Hartselle Sandstone | LOCATION
Hathab | LOCATION
Hemigmmmocapoeta nana | ACTOR
Hemiptera | ACTOR
Himalayas | LOCATION
Hokkaido | LOCATION
Hong Kong | LOCATION
Hongdo Island | LOCATION
Hongdo | LOCATION
Horonobe | LOCATION
Hudson Complex | LOCATION
Human disturbance | PROCESS
Human health | QUALITY
Hurricane Florence | PROCESS
Hurricanes | PROCESS
Hypnea musciformis ( Wulfen in jacqu . ) | RESOURCE
Hypophthalmichthys molitrix | ACTOR
Hypsoclypus | RESOURCE
Hyridella menziesi ( Gray ) | ACTOR
Hyridella | ACTOR
ICZM | PROCESS
IMTA | PROCESS
IRD | RESOURCE
IUCN | ACTOR
Iberian Peninsula | LOCATION
Ibuprofen | RESOURCE
Ice - sheet | RESOURCE
Ice plant | RESOURCE
Ictiobus bubalus | RESOURCE
Ile de Camargue | LOCATION
Incubations | PROCESS
India | ACTOR
India | LOCATION
Indian Wildlife Protection Act | RESOURCE
Indian waters | LOCATION
Indian | LOCATION
Individuals | ACTOR
Indo - Pacific | LOCATION
Indonesia | LOCATION
Inferred ice divides | PROCESS
Integrated Coastal Zone Management ( ICZM ) | PROCESS
Integrated Coastal Zone Management ( ICZM ) | RESOURCE
Integrated Coastal Zone Management | PROCESS
Invasions | PROCESS
Invasive species | ACTOR
Irrawaddy Dolphins ( IRD : Oracella brevirostris ) | RESOURCE
Italian waters | LOCATION
Italian | LOCATION
Italy | LOCATION
Its | ACTOR
Jakarta | LOCATION
Japan | LOCATION
Jeju Island | LOCATION
Jiangsu | LOCATION
Jiaozhou Bay | LOCATION
K . alvarezii | RESOURCE
Kara Sea | LOCATION
Kerala | LOCATION
Korean Peninsula | LOCATION
Kuril Islands | LOCATION
LUCC detection ( LUCCD ) | PROCESS
LUCC | PROCESS
Lac Sainte - Pierre | LOCATION
Laccadive Sea | LOCATION
Ladoga Lake | LOCATION
Lake Baikal | LOCATION
Lake Eber | LOCATION
Lake Gimolskoe | LOCATION
Lake Karamk | LOCATION
Lake Oahe | LOCATION
Lake Pleshcheyevo | LOCATION
Lake Sainte - Pierre | LOCATION
Lake Sainte Pierre | LOCATION
Lake Shira | LOCATION
Lake Sukkozero | LOCATION
Lake Taupo | LOCATION
Lamouroux | RESOURCE
Landes Plateau | LOCATION
Landscape connectivity | QUALITY
Levant Basin | LOCATION
Levant silver carp | ACTOR
Levantine | LOCATION
LiDAR | RESOURCE
Libya | LOCATION
Libyan | LOCATION
Lido Gandoli | LOCATION
Lido Silvana | LOCATION
Lingdingyang | LOCATION
Littoral Fault Zone | RESOURCE
Littoral environments | RESOURCE
Livorno | LOCATION
Liza ramada | ACTOR
Loess Plateau | LOCATION
Loligo | RESOURCE
Loriciferans | ACTOR
Louisana | LOCATION
Louisiana | LOCATION
Lovenia | RESOURCE
LtdClimate changes | PROCESS
LtdSeabirds | ACTOR
LtdShrimp farming | PROCESS
Lubec | LOCATION
Lutrogale perspicillata | ACTOR
M . crystallinum | RESOURCE
MDiq | LOCATION
MPA | RESOURCE
MPAs | RESOURCE
MPs | RESOURCE
Macau | LOCATION
Madeira Island | LOCATION
Madeira | LOCATION
Magnitude | QUALITY
Maine | LOCATION
Malaysia | LOCATION
Management efforts | RESOURCE
Management | PROCESS
Mangrove Forest | RESOURCE
Mangrove forests | RESOURCE
Mangroves | RESOURCE
Mar Menor | LOCATION
Maresdar | LOCATION
Marine Nature Conservation Review ( MNCR ) | RESOURCE
Marine Protected Areas ( MPAs ) | RESOURCE
Marine macroalgae | RESOURCE
Marine sand mining | PROCESS
Martil | LOCATION
Mediterranean RSL | QUALITY
Mediterranean Sea coast | LOCATION
Mediterranean Sea | LOCATION
Mediterranean basin | LOCATION
Mediterranean relative sea - level ( RSL ) | QUALITY
Mediterranean rising rates | QUALITY
Mediterranean rocky shores | LOCATION
Mediterranean waters | LOCATION
Mediterranean | LOCATION
Mega - Float | RESOURCE
Megafloat | RESOURCE
Meloria shoals | LOCATION
Mesembryanthemum crystallinum | RESOURCE
Mexico | LOCATION
Microphytobenthos | RESOURCE
Microplastics ( MPs ) | RESOURCE
Minister of Fisheries and Oceans Canada | ACTOR
Minori | LOCATION
Mollusks | RESOURCE
Mondego estuary | LOCATION
Monitoring program | RESOURCE
Monitoring | PROCESS
Monoporeia affinis | ACTOR
Moroccan authorities | ACTOR
Moroccan | LOCATION
Mortality records | RESOURCE
Motooka | LOCATION
Mrisat | LOCATION
Muezersky district | LOCATION
Mugil cephalus | ACTOR
Mullus surmuletus | RESOURCE
Muscat | LOCATION
Mute Swan | ACTOR
Mute Swans Cygnus olor | ACTOR
Myanmar | LOCATION
Mylopharyngodon piceus | ACTOR
Mysis relicta Lovn | ACTOR
N - S | LOCATION
N - limitation | QUALITY
N - value | QUALITY
N : P | QUALITY
NBI | RESOURCE
NC | LOCATION
NDVI | QUALITY
NE | LOCATION
NH4 + - N | RESOURCE
NO2 - N | RESOURCE
NO3 - N | RESOURCE
NOx | RESOURCE
NSAIDs | RESOURCE
NW Mediterranean Sea | LOCATION
NWSCS | LOCATION
Nanaloricus khaitatus | ACTOR
Nanaloricus | ACTOR
Nansha | LOCATION
Natural and Socioeconomic subsystems | RESOURCE
Netherlands | LOCATION
Neuse River estuary | LOCATION
New Zealand | LOCATION
Ningxia | LOCATION
North - Western region | LOCATION
North America | LOCATION
North Atlantic | LOCATION
Northern Africa | LOCATION
Northern Ionian Sea | LOCATION
Northern Wheatear | ACTOR
Northern Wheatears | ACTOR
O2 | RESOURCE
O3 | RESOURCE
OSA | RESOURCE
OSAs | RESOURCE
OT | QUALITY
Ochrophyta | RESOURCE
Oenanthe oenanthe | ACTOR
Okobojo Bay | LOCATION
Oman | LOCATION
Omani | LOCATION
Oncorhynchus mykiss | ACTOR
Onyx blomei | ACTOR
Onyx cangionensis | ACTOR
Onyx cobbi | ACTOR
Onyx mangrovi | ACTOR
Onyx orientalis | ACTOR
Onyx paradimorphus | ACTOR
Onyx | ACTOR
Oryza sativa | RESOURCE
Osmerus mordax | RESOURCE
Otter Working Group | ACTOR
Oxidation - reduction potentials | QUALITY
P . quadrispinosa | ACTOR
PAH | RESOURCE
PAHs | RESOURCE
PF | QUALITY
PGDP | QUALITY
PO43 | RESOURCE
PUA | RESOURCE
PUAs | RESOURCE
Pacific Ocean | LOCATION
Pacific | LOCATION
Pallaseopsis quadrispinosa | ACTOR
Panyu | LOCATION
Parasitism | PROCESS
Parnaiba Delta River | LOCATION
Particle fluxes | PROCESS
Pb | RESOURCE
Pearl River Estuary | LOCATION
Pearl River Plume | PROCESS
Pearl River | LOCATION
Peninsular Malaysia | LOCATION
Perca fluviatilis | ACTOR
Perna perna | RESOURCE
Pesticides fluxes | PROCESS
PhACs | RESOURCE
Phaeophyceae | RESOURCE
Pharmaceuticals ( PhACs ) | RESOURCE
Phoenicopterus ruber | RESOURCE
Photoinhibition | PROCESS
Pier boulders | LOCATION
Pier | LOCATION
Plaice | RESOURCE
Planners | ACTOR
Plate | RESOURCE
PlattTrace fossil | RESOURCE
Polish Baltic coast | LOCATION
Polish | LOCATION
Pollutants | RESOURCE
Polyunsaturated aldehydes ( PUAs ) | RESOURCE
Pond farming | PROCESS
Port Dickson | LOCATION
Portugal | LOCATION
Pozzuoli Bay | LOCATION
Prasinophyceae | RESOURCE
Preservation | PROCESS
Prionocidaris | RESOURCE
Psammechinus | RESOURCE
Pulau Langkawi | LOCATION
Qishon River basin | LOCATION
Quebec | LOCATION
RECC | QUALITY
REE | RESOURCE
ROS levels | QUALITY
ROS | RESOURCE
RSLRR | QUALITY
Radioactive waste repository | RESOURCE
Rainfall | PROCESS
Rare earth elements ( REE ) | RESOURCE
Re - infiltration | PROCESS
Red algae | RESOURCE
Regency Beach | LOCATION
Republic of Karelia | LOCATION
Respiration rates | QUALITY
Rhizopora mucronata | RESOURCE
Rhodobacteraceae | ACTOR
Rhodophyta | RESOURCE
Rhone Delta | LOCATION
Rio de Janeiro | LOCATION
River basin | RESOURCE
River plume waters | RESOURCE
Rivers | RESOURCE
Romania | ACTOR
Romanian | LOCATION
Rotterdam | LOCATION
Rutilus rutilus | ACTOR
S . Vito | LOCATION
S . spallanzanii | ACTOR
SAL | QUALITY
SAR | LOCATION
SAR11 | ACTOR
SCS | LOCATION
SCS | RESOURCE
SE Sulawesi | LOCATION
SE | LOCATION
SGD | PROCESS
SLR | PROCESS
SOD activity | PROCESS
SPM | RESOURCE
SSC | RESOURCE
SW | RESOURCE
Sabella spallanzanii | ACTOR
Sakhalin | LOCATION
Salalah | LOCATION
Salento peninsula | LOCATION
Salt marshes | RESOURCE
San Jorge Gulf | LOCATION
Sandy shores | LOCATION
Santa Cruz | LOCATION
Santiago Island | LOCATION
Sao Carlos | LOCATION
Sao Paulo | LOCATION
Sao Pedro | LOCATION
Sardinia | LOCATION
Sardocidaris | RESOURCE
Sargassum polycystum | RESOURCE
Schizaster | RESOURCE
Scomber scombrus | RESOURCE
Sea - level rise | PROCESS
Sea level fluctuations | PROCESS
Sea of Okhotsk | LOCATION
Seabirds | ACTOR
Seawater intrusion | PROCESS
Seaweeds | RESOURCE
Sediment focusing | PROCESS
Semaphore Park | LOCATION
Senegal | LOCATION
Sepetiba Bay | LOCATION
Sepia officinalis | RESOURCE
Seston | RESOURCE
Sfiha | LOCATION
Shandong Peninsula | LOCATION
Shanghai | LOCATION
Sharks | ACTOR
Shenzhen | LOCATION
Shira Lake | LOCATION
Shoreline works | PROCESS
Siberia | LOCATION
Sidi Amer O Moussa | LOCATION
Sidi Driss | LOCATION
Singapore | ACTOR
Singapore | LOCATION
Smallmouth buffalo | RESOURCE
Smooth - coated otters | ACTOR
So Domingos | LOCATION
So Miguel | LOCATION
Socio - economic subsystem ( SEC ) | RESOURCE
Sodom | LOCATION
Soil salinity | QUALITY
Soil | RESOURCE
Souani | LOCATION
South - Western Europe | LOCATION
South Africa | LOCATION
South American | LOCATION
South China Sea ( SCS ) | LOCATION
South China | LOCATION
South Dakota | LOCATION
South Korea | LOCATION
Southchina | LOCATION
Southern Ghana | LOCATION
Southern Italy | LOCATION
Soviet Union | LOCATION
Spain | LOCATION
Spatangus | RESOURCE
St . Cuthbert | LOCATION
Stable isotopes ( d15N ) | RESOURCE
Stizostedion vitreum | ACTOR
Structured habitats | RESOURCE
Stylocidaris | RESOURCE
Submarine groundwater discharge ( SGD ) | PROCESS
Submarine groundwater discharge | PROCESS
Submerged breakwaters | RESOURCE
Subtidal species | RESOURCE
Suez Canal | LOCATION
Sukkozero | LOCATION
Surabaya | LOCATION
Surge | PROCESS
Sustainable Development Goals ( SDGs ) | RESOURCE
Suzhou | LOCATION
Sydney | LOCATION
Synechococcus | RESOURCE
T . latifolia | RESOURCE
T . laxmannii | RESOURCE
TA | QUALITY
TA | RESOURCE
TC | PROCESS
TCs | PROCESS
TD | PROCESS
TI | PROCESS
TN | QUALITY
TP | QUALITY
Tamarix | RESOURCE
Tampa bay | LOCATION
Tangier Malabata | LOCATION
Tangier Municipal | LOCATION
Tanjung Piai | LOCATION
Taourirt | LOCATION
Tapuaeharuru Bay | LOCATION
Tarrafal | LOCATION
Temperature | QUALITY
Terrebonne Bay | LOCATION
Terrebonne | LOCATION
Tetraclita stalactifera | RESOURCE
Tokyo Bay | LOCATION
Trachypatagus | RESOURCE
Transport | PROCESS
Tretocidaris | RESOURCE
Trichocorixa verticalis verticalis ( Tvv ) | ACTOR
Tripneustes | RESOURCE
Trkiye | LOCATION
Trophic diatom index for lakes ( TDIL ) | QUALITY
Trophic levels | QUALITY
Tropical cyclones ( TCs ) | PROCESS
Tsunami hazard | PROCESS
Tuscany | LOCATION
Tvv | ACTOR
Tylocidaris | RESOURCE
U . S . | LOCATION
USA | LOCATION
UV - B | RESOURCE
UV radiation | PROCESS
Ulva fasciata Delile | RESOURCE
Ulvophyceae | RESOURCE
United Nations ( UN ) | ACTOR
United States | LOCATION
Unmanned Aerial Vehicle ( UAV ) | RESOURCE
Uruguay | LOCATION
VLFS design | QUALITY
VLFS | RESOURCE
Valaam Island | LOCATION
Valencia | LOCATION
Vancouver | LOCATION
Vegetation cover | QUALITY
Vehicle collisions | PROCESS
Very Large Floating Structures ( VLFS ) | RESOURCE
Vietnam | LOCATION
Walleyes | ACTOR
West Africa Craton | LOCATION
Wetland | RESOURCE
Whooper Swan | ACTOR
Whooper Swans C . cygnus | ACTOR
Wildlife Reserves Singapore | ACTOR
Wonorejo Estuary | LOCATION
Wonorejo River | LOCATION
Wonorejo | LOCATION
Xiphophorus helleii | ACTOR
Yamachiche | LOCATION
Yangtze River Economic Belt ( YREB ) | LOCATION
Yangtze River | LOCATION
Yellow River Delta | LOCATION
Yellow River | LOCATION
Yellow Sea | LOCATION
Yunnan | LOCATION
Zhejiang | LOCATION
Zhuhai | LOCATION
abrasion | PROCESS
abscisic acid | RESOURCE
abundance | QUALITY
academic researchers | ACTOR
acceptable daily intake | QUALITY
accessibility | QUALITY
accommodate | PROCESS
accommodation space | QUALITY
accretion | PROCESS
accumulation | PROCESS
accumulator | QUALITY
acidification | PROCESS
active faults | RESOURCE
active margin | RESOURCE
activities | PROCESS
adaptation measures | RESOURCE
adaptation responses | RESOURCE
adaptation strategies | RESOURCE
adaptation strategy | RESOURCE
adaptation | PROCESS
additive compounds | RESOURCE
administrators | ACTOR
adult | ACTOR
adverse effects | PROCESS
adverse impacts | PROCESS
afforestation sites | LOCATION
afforestation | PROCESS
afforesting | PROCESS
agar | RESOURCE
age structure | QUALITY
aggregate | PROCESS
aggregation frequency | QUALITY
aggregation product | RESOURCE
aggregation | PROCESS
aggregations | QUALITY
agricultural activity | PROCESS
agricultural drainage | PROCESS
agricultural fields | RESOURCE
agricultural producers | ACTOR
agricultural regions | RESOURCE
agriculture | PROCESS
air | RESOURCE
airport | RESOURCE
airports | RESOURCE
algae | RESOURCE
algal - derived products | RESOURCE
algal blooms | PROCESS
algal growth | PROCESS
algal | RESOURCE
alginate | RESOURCE
alien species | ACTOR
allelopathy | PROCESS
allocation | PROCESS
alteration | PROCESS
alterations | PROCESS
altered | QUALITY
alternative farming | PROCESS
alternative management | PROCESS
amenities | RESOURCE
amino acids | RESOURCE
amphid | RESOURCE
amphidial fovea | RESOURCE
amphipod | ACTOR
amphipods | ACTOR
amplitude | QUALITY
analysis | PROCESS
anatomical acclimation | PROCESS
animal foods | RESOURCE
animals | ACTOR
animals | RESOURCE
annuals | QUALITY
anomalous | QUALITY
anthropisation | PROCESS
anthropogenic activities | PROCESS
anthropogenic activity | ACTOR
anthropogenic pressure | PROCESS
anthropogenic | ACTOR
anthropologic disturbance | PROCESS
antibiotic | RESOURCE
anticipation | PROCESS
antioxidant compounds | RESOURCE
antioxidative enzymes | RESOURCE
applications | PROCESS
approaches | RESOURCE
aquaculture industry | ACTOR
aquaculture production | PROCESS
aquaculture resources | RESOURCE
aquaculture | PROCESS
aquatic - terrestrial ecosystems | RESOURCE
aquatic alien insect | ACTOR
aquatic ecosystems | RESOURCE
aquatic environments | RESOURCE
aquatic organisms | RESOURCE
aquatic systems | RESOURCE
aquatic vegetation | RESOURCE
aquifer | RESOURCE
aquifers | RESOURCE
arable | QUALITY
arag | QUALITY
aragonite saturation state index ( arag ) | QUALITY
armouring | PROCESS
arthropods | RESOURCE
ascorbic acid | RESOURCE
assemblage | RESOURCE
assemblages | RESOURCE
assessment | PROCESS
assessments | PROCESS
assets | RESOURCE
assimilation | PROCESS
asthenospheric mantle | RESOURCE
astronomical tide | PROCESS
atmospheric CO2 | RESOURCE
attenuation | PROCESS
attitudes | QUALITY
attractiveness | QUALITY
autotrophs | ACTOR
auxin | RESOURCE
availability | QUALITY
avian species | ACTOR
bacterial community | ACTOR
bacterial community | RESOURCE
bacterial groups | ACTOR
bacterial phylogenetic groups | ACTOR
bacterial pollution | PROCESS
bacterial production | PROCESS
bacterial species | ACTOR
bacterioplankton | ACTOR
barges | RESOURCE
barriers | RESOURCE
bars | RESOURCE
basin | LOCATION
basin | RESOURCE
basins | RESOURCE
bathymetric profiles | QUALITY
bathymetry | QUALITY
bay | LOCATION
beach nourishment | PROCESS
beach | RESOURCE
beaches | LOCATION
beaches | RESOURCE
bearded seals | ACTOR
bed boundary layer | RESOURCE
behaviour - related problems | QUALITY
behavioural strategies | RESOURCE
belt | RESOURCE
benthic algae | RESOURCE
benthic bacterial | RESOURCE
benthic coastal habitats | RESOURCE
benthic community | RESOURCE
benthic ecosystem | RESOURCE
benthic macroalgae | RESOURCE
benthic | QUALITY
betacyanin | RESOURCE
bighead carp | ACTOR
bimodal magmatism | PROCESS
bioaccumulation levels | QUALITY
bioaccumulation mechanisms | QUALITY
bioactive compounds | RESOURCE
biodegration | PROCESS
biodiversity loss | PROCESS
biodiversity | QUALITY
biodiversity | RESOURCE
biofilm productivity | QUALITY
biofilm | RESOURCE
biofilms | RESOURCE
bioindicator | RESOURCE
biomanipulation | PROCESS
biomass fluctuations | QUALITY
biomass | QUALITY
biomass | RESOURCE
bioproducts | RESOURCE
biorefinery applications | PROCESS
bioremediation | PROCESS
biostimulant | RESOURCE
biota | ACTOR
biota | RESOURCE
biotic communities | RESOURCE
biotic province | RESOURCE
biotopes | RESOURCE
bioturbation | PROCESS
bird | ACTOR
birds | ACTOR
bivalve farming | PROCESS
bivalves | RESOURCE
black - tailed gull eggs | RESOURCE
black - tailed gulls | ACTOR
black carp | ACTOR
bodies | RESOURCE
body condition | QUALITY
body forces | PROCESS
border closures | PROCESS
borehole | RESOURCE
borrow | PROCESS
bottom sediments | RESOURCE
bottom topography | QUALITY
bottom trawlers | RESOURCE
bottom | LOCATION
boulders | RESOURCE
brackish - water ecosystem | RESOURCE
brackish environments | RESOURCE
brackish waters | RESOURCE
break - off | PROCESS
breakdown | PROCESS
breakwater | RESOURCE
breakwaters | RESOURCE
breed | PROCESS
breeding populations | ACTOR
breeding | PROCESS
brown algae | RESOURCE
bryozoan patches | RESOURCE
building | RESOURCE
buildings | RESOURCE
bulk bacterial production | PROCESS
bulk density | QUALITY
caddisflies | ACTOR
cadmium | RESOURCE
cage culture | PROCESS
cage farming | PROCESS
caldera | LOCATION
camarodonts | RESOURCE
canals | RESOURCE
canister | RESOURCE
canyon | RESOURCE
canyons | RESOURCE
capital city | LOCATION
carbamazepine | RESOURCE
carbon ( C ) | RESOURCE
carbon emission | PROCESS
carbon | RESOURCE
carbonate dynamics | PROCESS
carib pointed - venus | RESOURCE
carnivorous species | RESOURCE
carrageenan | RESOURCE
cascading impacts | PROCESS
catastrophic events | PROCESS
catastrophic | QUALITY
catch compositions | QUALITY
catchment loads | PROCESS
cell circulation | PROCESS
cephalic setae | RESOURCE
cetaceans | RESOURCE
change rate | QUALITY
change | PROCESS
characterization | PROCESS
chironomid larvae | ACTOR
chironomids | RESOURCE
chloramphenicol | RESOURCE
chloride | RESOURCE
chlorophyll | RESOURCE
chlorpyrifos - methyl | RESOURCE
chlorpyrifos | RESOURCE
chromium ( Cr ) | RESOURCE
chromium | RESOURCE
chronic hydrocarbon pollution | PROCESS
chronic photoinhibition | PROCESS
cidaroid | RESOURCE
cidaroids | RESOURCE
ciliates | ACTOR
circum - Mediterranean area | LOCATION
circumpolar distribution | QUALITY
cities | LOCATION
city center | LOCATION
city | LOCATION
civil engineering | PROCESS
clam | RESOURCE
class | QUALITY
classes | QUALITY
classification | QUALITY
cleaning | PROCESS
climate change policy | RESOURCE
climate change scenarios | RESOURCE
climate change | PROCESS
climate variability | QUALITY
climate warming | PROCESS
climates | QUALITY
climatic scenario | QUALITY
climatic | PROCESS
clypeasteroids | RESOURCE
coarse sediments | RESOURCE
coarse | QUALITY
coast | LOCATION
coast | RESOURCE
coastal and inland wetland areas | LOCATION
coastal animals | RESOURCE
coastal anthroposcapes | RESOURCE
coastal aquaculture | PROCESS
coastal aquifers | RESOURCE
coastal area | LOCATION
coastal area | RESOURCE
coastal areas | LOCATION
coastal areas | RESOURCE
coastal belt | LOCATION
coastal block | RESOURCE
coastal boundary fault | LOCATION
coastal cattail Typha litoralis | RESOURCE
coastal change | PROCESS
coastal changes | PROCESS
coastal characterization | PROCESS
coastal cities | LOCATION
coastal communities | ACTOR
coastal conditions | QUALITY
coastal current | PROCESS
coastal defence structures | RESOURCE
coastal disasters | PROCESS
coastal ecological processes | PROCESS
coastal ecosystem | RESOURCE
coastal ecosystems | RESOURCE
coastal engineering | PROCESS
coastal environments | RESOURCE
coastal erosions | PROCESS
coastal eutrophication | PROCESS
coastal evolution | PROCESS
coastal flooding | PROCESS
coastal floods | PROCESS
coastal food web | QUALITY
coastal forest | RESOURCE
coastal fragmentation | PROCESS
coastal fringes | LOCATION
coastal habitats | RESOURCE
coastal karst aquifers | RESOURCE
coastal lagoons | RESOURCE
coastal land subsidence | PROCESS
coastal landscapes | RESOURCE
coastal management | PROCESS
coastal marine ecosystems | RESOURCE
coastal marshes | RESOURCE
coastal observing systems | RESOURCE
coastal peatland | LOCATION
coastal peatlands | LOCATION
coastal planning | PROCESS
coastal plume water | RESOURCE
coastal plume | PROCESS
coastal population | ACTOR
coastal processes | PROCESS
coastal protective works | PROCESS
coastal region | LOCATION
coastal regions | LOCATION
coastal research | PROCESS
coastal resilience | PROCESS
coastal resilience | QUALITY
coastal resource use conflicts | PROCESS
coastal resources | RESOURCE
coastal shark | ACTOR
coastal sites | LOCATION
coastal societies | ACTOR
coastal soil | RESOURCE
coastal structures | RESOURCE
coastal studies | RESOURCE
coastal subsidence | PROCESS
coastal topsoil | RESOURCE
coastal upwelling | PROCESS
coastal use | PROCESS
coastal vulnerability assessment | PROCESS
coastal vulnerability | QUALITY
coastal waters | LOCATION
coastal wetlands | RESOURCE
coastal zone | LOCATION
coastal zones | LOCATION
coastal | QUALITY
coastline | LOCATION
coastline | RESOURCE
coastlines | LOCATION
coasts | LOCATION
coasts | RESOURCE
cohesive sediment | RESOURCE
cold spots | QUALITY
cold vortex | PROCESS
cold water | RESOURCE
collaboration | PROCESS
combined effects | PROCESS
commercial finishing | PROCESS
commercial values | QUALITY
commercial | QUALITY
common carp | ACTOR
common garra | ACTOR
communities | ACTOR
community assemblage | RESOURCE
community based field projects | RESOURCE
community composition | QUALITY
community structure | QUALITY
community | ACTOR
competition | PROCESS
composition | QUALITY
compound flood | PROCESS
compounds | RESOURCE
concentration | QUALITY
concentrations | QUALITY
configuration | QUALITY
conflict | PROCESS
conflicts | PROCESS
connectivity suitability | QUALITY
conopeum | QUALITY
conservation strategies | RESOURCE
conservation strategy | RESOURCE
conservation | PROCESS
consortia managing local | RESOURCE
constructed wetlands | RESOURCE
construction aggregate | RESOURCE
construction | PROCESS
constructional morphology | QUALITY
consumers | ACTOR
consumption | PROCESS
contaminant discharges | PROCESS
contaminant | RESOURCE
contaminants | RESOURCE
contaminated coastal areas | LOCATION
contaminated materials | RESOURCE
contamination | PROCESS
content | QUALITY
continental areas | LOCATION
continental lithosphere | RESOURCE
continental margin | LOCATION
continental plate | RESOURCE
continental | LOCATION
control | PROCESS
copepods | ACTOR
copper | RESOURCE
coral reefs | RESOURCE
corals | ACTOR
corixid | ACTOR
corridors | LOCATION
corrosion | PROCESS
cosmetics | ACTOR
cosmopolitan plant species | RESOURCE
cosmopolitan species | RESOURCE
cost - effective | QUALITY
cost | QUALITY
costs | QUALITY
countries | ACTOR
countries | LOCATION
country | ACTOR
country | LOCATION
coupling coordination degree ( CCD ) | QUALITY
crab | RESOURCE
crabs | RESOURCE
creation | PROCESS
crop | RESOURCE
croplands | RESOURCE
crucian carp | ACTOR
crude oil | RESOURCE
crustaceans | ACTOR
culture model | RESOURCE
culture models | RESOURCE
cultured fish | RESOURCE
current - use pesticides ( CUPs ) | RESOURCE
current - use pesticides | RESOURCE
cuttlefish | RESOURCE
cyanobacteria | RESOURCE
cycling of nutrients | PROCESS
cyclones | PROCESS
cytokinins | RESOURCE
daily exposure | QUALITY
daily growth rate ( DGR ) | QUALITY
dam reservoirs | RESOURCE
damage | PROCESS
damage | QUALITY
damages | PROCESS
damping force | PROCESS
dams | LOCATION
dams | RESOURCE
damselfish | ACTOR
daphnid | RESOURCE
daphnids | RESOURCE
data | RESOURCE
database | RESOURCE
de - naturalization | PROCESS
death toll | QUALITY
debris | RESOURCE
decision - making body | ACTOR
decision making | PROCESS
declines | PROCESS
decomposition - enhancing studies | RESOURCE
decomposition | PROCESS
deep geosphere | RESOURCE
deeper groundwater system | RESOURCE
deeper groundwater | RESOURCE
deeper locations | LOCATION
deeper saline groundwater | RESOURCE
deformation | PROCESS
degradation | PROCESS
deicing salt | RESOURCE
delta drainage basin area | LOCATION
delta | RESOURCE
demand | PROCESS
demersal fishes | ACTOR
demersal habitats | RESOURCE
demersal | RESOURCE
denitrification ( DNF ) | PROCESS
density | QUALITY
depleted radiocarbon | RESOURCE
depleted | QUALITY
depositional environment | RESOURCE
depositional pattern | QUALITY
deposits | RESOURCE
depression | RESOURCE
depth range | QUALITY
depth | QUALITY
desertic | QUALITY
designs | QUALITY
detection distance | QUALITY
detection | PROCESS
deterioration | PROCESS
devastation | PROCESS
developed and developing country | ACTOR
developing countries | ACTOR
development activities | PROCESS
development patterns | QUALITY
development | PROCESS
developmental planning | PROCESS
diameter | QUALITY
diatom assemblage | RESOURCE
diatom assemblages | RESOURCE
diatom species | RESOURCE
diatoms | ACTOR
diatoms | RESOURCE
diet | QUALITY
dietary exposure | PROCESS
dietary | QUALITY
diets | QUALITY
dinoflagellates | ACTOR
dioxin abatement measures | RESOURCE
dioxin levels | QUALITY
dioxin | RESOURCE
dioxins | RESOURCE
disaster management | PROCESS
disaster mitigation | PROCESS
disaster risk reduction institutions | ACTOR
disasters | PROCESS
discard rates | QUALITY
discarding | PROCESS
discards | PROCESS
discharge | PROCESS
diseases | PROCESS
dispersal | PROCESS
dispersion | PROCESS
displacement | PROCESS
disposal | PROCESS
disposal | QUALITY
disservices | RESOURCE
dissolved SiO2 | RESOURCE
dissolved inorganic carbon ( DIC ) | RESOURCE
dissolved inorganic nitrogen | RESOURCE
dissolved inorganic phosphorus | RESOURCE
distance | QUALITY
distribution | PROCESS
distribution | QUALITY
distributions | QUALITY
disturbance | PROCESS
disturbances | PROCESS
ditch | RESOURCE
diversion | PROCESS
diversity | QUALITY
dolphin watching tourism | PROCESS
dominant species | QUALITY
downstream waters | LOCATION
drainage area | LOCATION
drainage ditch | RESOURCE
drainage ditches | RESOURCE
drainage network | RESOURCE
drainage | PROCESS
dredged areas | LOCATION
dredged region | LOCATION
dredging shoals | PROCESS
dredging | PROCESS
drinking water | RESOURCE
drivers of risk | QUALITY
dry density | QUALITY
dry weight | QUALITY
duct | PROCESS
dune dike | RESOURCE
dune grasslands | RESOURCE
dune | RESOURCE
dunes | RESOURCE
dusky grouper | ACTOR
dynamic photoinhibition | PROCESS
early life | QUALITY
early warning model | RESOURCE
early warning system | RESOURCE
earthquake | PROCESS
earthquakes | PROCESS
eastern and western parts of Zhongshan City | LOCATION
ebb | PROCESS
echinoid | RESOURCE
echinolampadoids | RESOURCE
eco - friendly | QUALITY
eco - sensitive areas | RESOURCE
eco - tourism | PROCESS
eco - toxicological risks | QUALITY
ecological capacity | QUALITY
ecological environment | RESOURCE
ecological environments | RESOURCE
ecological function | QUALITY
ecological functional classification | QUALITY
ecological goods and services | RESOURCE
ecological impacts | PROCESS
ecological impacts | QUALITY
ecological monitoring | PROCESS
ecological principles | QUALITY
ecological processes | PROCESS
ecological quality | QUALITY
ecological restoration | PROCESS
ecological values | QUALITY
ecology | RESOURCE
economic - activity | PROCESS
economic activity | PROCESS
economic benefits | QUALITY
economic development level | QUALITY
economic development | PROCESS
economic | PROCESS
economic | QUALITY
economies | QUALITY
economy | QUALITY
ecosystem balance | RESOURCE
ecosystem functioning | PROCESS
ecosystem problems | PROCESS
ecosystem processes | PROCESS
ecosystem restoration | PROCESS
ecosystem services | RESOURCE
ecosystem | RESOURCE
ecosystems | RESOURCE
edaphic conditions | QUALITY
effective life | QUALITY
efficiency | QUALITY
effluent emissions | PROCESS
eggs | RESOURCE
electric steam power plants | RESOURCE
electrical conductivity ( EC ) | QUALITY
electrical conductivity | QUALITY
electronic equipment | RESOURCE
elevation | PROCESS
elevation | QUALITY
elongated loop | QUALITY
embayment | RESOURCE
embryo dune | RESOURCE
emergent economies | QUALITY
employment | PROCESS
employments offers | RESOURCE
encounter rates | QUALITY
encounters | PROCESS
encroachment | PROCESS
encrustation | PROCESS
endangered species | RESOURCE
endangered | QUALITY
endemic | QUALITY
energy cycles | PROCESS
energy production | PROCESS
energy | QUALITY
engineers | ACTOR
enhanced UV - B radiation | PROCESS
enriched radiocarbon | RESOURCE
environment - dependent economy | QUALITY
environment | RESOURCE
environmental UV variability | QUALITY
environmental change | PROCESS
environmental conditions | QUALITY
environmental contamination | PROCESS
environmental degradation | PROCESS
environmental factor | QUALITY
environmental factors | QUALITY
environmental impact | QUALITY
environmental improvements | PROCESS
environmental monitoring | PROCESS
environmental policies | RESOURCE
environmental pollution | PROCESS
environmental quality | QUALITY
environmental regulations | PROCESS
environmental variables | QUALITY
environmental variables | RESOURCE
environmental variation | PROCESS
environmentally - friendly | QUALITY
environments | RESOURCE
ephemerids | RESOURCE
epichnia | RESOURCE
epichnial traces | RESOURCE
eroding | PROCESS
erosion | PROCESS
eruptions | PROCESS
essential services | PROCESS
estuaries | RESOURCE
estuarine / tidal flat | RESOURCE
estuary | RESOURCE
ethylene | RESOURCE
eutrophic shallow lake | LOCATION
eutrophic | QUALITY
evacuation priority | QUALITY
evacuation | PROCESS
evaporation duct | PROCESS
evaporation | PROCESS
evolution | QUALITY
excess feed | RESOURCE
exploitation | PROCESS
export | QUALITY
exposed areas | LOCATION
exposed surface | LOCATION
exposure | PROCESS
extension | PROCESS
extensive farming | PROCESS
extensive production systems | RESOURCE
external valve | RESOURCE
extirpation | PROCESS
extractive culture types | QUALITY
extreme storm events | PROCESS
extreme weather events | PROCESS
extreme winds | PROCESS
factors nature | QUALITY
factors | QUALITY
faecal sample | RESOURCE
faecal samples | RESOURCE
falling sea levels | PROCESS
farmers | ACTOR
farming | PROCESS
fate | QUALITY
fatty acid ( FA ) composition | QUALITY
fault zone | LOCATION
fault | RESOURCE
faulting | PROCESS
fauna | RESOURCE
fed culture types | QUALITY
federal jurisdiction | ACTOR
feed | PROCESS
feeding patterns | QUALITY
feedstock | RESOURCE
female | ACTOR
females | ACTOR
fertilizer application | PROCESS
fetch - limited | QUALITY
field | RESOURCE
filter - feeding shellfish culture | PROCESS
filtering | PROCESS
filtration | PROCESS
fine - grained sediments | RESOURCE
fine material | RESOURCE
fine particles | RESOURCE
fish cage culture | PROCESS
fish communities | RESOURCE
fish fauna | ACTOR
fish kills | PROCESS
fish productivity | QUALITY
fish reductions | PROCESS
fish removal | PROCESS
fish removals | PROCESS
fish species | ACTOR
fish | ACTOR
fish | RESOURCE
fisheries | PROCESS
fishery | PROCESS
fishes | ACTOR
fishing effort | PROCESS
fishing grounds | RESOURCE
fishing | PROCESS
fixed dune | RESOURCE
flamingoes | RESOURCE
flash floods | PROCESS
flathead mullet | ACTOR
floating harbours | RESOURCE
floating structures | RESOURCE
floc | RESOURCE
flocculate | PROCESS
flocs | RESOURCE
flood water | RESOURCE
flood | PROCESS
flooded areas | LOCATION
flooded habitats | RESOURCE
flooding | PROCESS
floodplain | RESOURCE
floods | PROCESS
flora | RESOURCE
flows | PROCESS
fluxes | PROCESS
focusing | PROCESS
food abundance | QUALITY
food accessibility | QUALITY
food environment | RESOURCE
food import | PROCESS
food industry | ACTOR
food production systems | RESOURCE
food requirements | QUALITY
food security | QUALITY
food source | RESOURCE
food web | QUALITY
food webs | QUALITY
food | RESOURCE
foodweb | QUALITY
forage | PROCESS
foraged | PROCESS
forager | ACTOR
forbs | RESOURCE
forced migration | PROCESS
forcing mechanisms | PROCESS
fore dune | RESOURCE
forearc zone | LOCATION
forecast scenarios | RESOURCE
forecasting | PROCESS
forest | RESOURCE
formation | PROCESS
fossil carbon | RESOURCE
fragmentation | PROCESS
framework | RESOURCE
free choice | QUALITY
freedom of choice | QUALITY
frequency | QUALITY
freshwater fish | ACTOR
freshwater influx | PROCESS
freshwater management | PROCESS
freshwater mussel | ACTOR
freshwater populations | ACTOR
freshwater reservoir | RESOURCE
freshwater resources | RESOURCE
freshwater | LOCATION
freshwater | RESOURCE
friction force | PROCESS
friction pendulum bearing | RESOURCE
friction | PROCESS
frontal zones | LOCATION
gabbroids | RESOURCE
gabbros | RESOURCE
garra | ACTOR
gas | RESOURCE
gastrointestinal ( GI ) tracts | RESOURCE
gelatinous plankton | ACTOR
gelatinous zooplankton | ACTOR
general circulation | PROCESS
genus | ACTOR
genus | QUALITY
geo - hazard recognition | PROCESS
geochemical conditions | QUALITY
geochemical patterns | QUALITY
geochemistry | QUALITY
geochronology | QUALITY
geodynamics | QUALITY
geographical factors | QUALITY
geographical location | QUALITY
geography | QUALITY
geohazard chain | PROCESS
geohazards | PROCESS
geological stratifications | RESOURCE
geomorphology | QUALITY
geosphere | RESOURCE
geotube | RESOURCE
gibberellins | RESOURCE
glaciotectonic deformations | PROCESS
global average | LOCATION
global population | ACTOR
global regions | LOCATION
global warming | PROCESS
good governance tool | RESOURCE
goods and services | RESOURCE
grain size | QUALITY
grain texture | QUALITY
granite | RESOURCE
granites | RESOURCE
granitic boulders | RESOURCE
granitoids | RESOURCE
grass carp | ACTOR
gravity flows | PROCESS
grazing pressure | PROCESS
grazing | PROCESS
green algae | RESOURCE
greenbelt | RESOURCE
greenhouse | RESOURCE
greening project | RESOURCE
groins | LOCATION
gross primary production ( GPP ) | PROCESS
ground foraging birds | ACTOR
groundwater - surface water ( GW - SW ) interaction | PROCESS
groundwater discharge | PROCESS
groundwater flux | PROCESS
groundwater management | PROCESS
groundwater quality | QUALITY
groundwater resources | RESOURCE
groundwater salinity | QUALITY
groundwater sources | RESOURCE
groundwater table | RESOURCE
groundwater | RESOURCE
group | ACTOR
groups | ACTOR
growing environment | RESOURCE
growing environments | RESOURCE
growth parameters | QUALITY
growth rates | QUALITY
growth | PROCESS
growth | QUALITY
gulf coast | LOCATION
gulf | LOCATION
gullies | RESOURCE
gulls | ACTOR
habitable | QUALITY
habitat - use | PROCESS
habitat preferences | QUALITY
habitat suitability | QUALITY
habitat | RESOURCE
habitats | RESOURCE
halophytic | QUALITY
harbor | RESOURCE
hard head catfish | RESOURCE
hard substrata | RESOURCE
harvest | PROCESS
hazardous substances | RESOURCE
hazards | PROCESS
health risk | QUALITY
health | QUALITY
heat transport | PROCESS
heavy metal | RESOURCE
heavy metals | RESOURCE
heavy pumping | PROCESS
herbicide | RESOURCE
herring | RESOURCE
heterotrophic bacteria | RESOURCE
heterotrophic bacterioplankton | RESOURCE
heterotrophic dinoflagellates | ACTOR
heterotrophs | ACTOR
high - land | RESOURCE
high - risk areas | LOCATION
high - valued species | RESOURCE
high trophic - level predators | ACTOR
high trophic level | QUALITY
higher - order predator | ACTOR
highly concentrated salty areas | LOCATION
hinterland | LOCATION
histochemical localization | QUALITY
horse mackerel | RESOURCE
host populations | RESOURCE
host | RESOURCE
hot spots | QUALITY
hotspots | QUALITY
household | QUALITY
households | ACTOR
human - altered environments | RESOURCE
human action | PROCESS
human activities | PROCESS
human disturbance | PROCESS
human disturbances | PROCESS
human drivers | QUALITY
human habitation | RESOURCE
human health risks | QUALITY
human health | QUALITY
human impacts | QUALITY
human influence | PROCESS
human intervention | PROCESS
human life losses | QUALITY
human life | PROCESS
human population | ACTOR
human pressures | PROCESS
human use | PROCESS
human well - being | QUALITY
human | ACTOR
humans | ACTOR
humus content | QUALITY
hurricane | PROCESS
hurricanes | PROCESS
hybrid isolation | PROCESS
hydraulic conductivity | QUALITY
hydraulic gradient | QUALITY
hydraulic gradients | QUALITY
hydraulic management | PROCESS
hydrocarbons | RESOURCE
hydrocolloids | RESOURCE
hydrodynamic characteristics | QUALITY
hydrodynamic conditions | QUALITY
hydrodynamic forcing | PROCESS
hydrodynamics | PROCESS
hydroelasticity | QUALITY
hydrogen - oxygen isotope ratio | QUALITY
hydrologic characteristics | QUALITY
hydrological factors | QUALITY
hydrological functioning | QUALITY
hydrological parameters | QUALITY
hydroponics | PROCESS
ice - sheet domes | RESOURCE
ice caps | RESOURCE
ice dome | RESOURCE
ice sheet | RESOURCE
ice | RESOURCE
ichnocoenoses | RESOURCE
ichthyoplankton | ACTOR
igneous event | PROCESS
impacts | PROCESS
impacts | QUALITY
import - export | PROCESS
impregnated female shrimp | ACTOR
inception | PROCESS
incidental catch | PROCESS
income | RESOURCE
increasing seas | PROCESS
indicator species | ACTOR
indigenous species | ACTOR
individual size | QUALITY
individual | QUALITY
individuals | ACTOR
individuals | RESOURCE
industrial activities | PROCESS
industrial effluents | RESOURCE
industrial reconversion | PROCESS
industrialisation | PROCESS
industrialization | PROCESS
industries | ACTOR
infection | PROCESS
infilling | PROCESS
infiltration / exfiltration | PROCESS
infiltration | PROCESS
inflow discharge | PROCESS
influence area | LOCATION
infra - littoral | LOCATION
infrastructure | RESOURCE
infrastructures | RESOURCE
ingestion | PROCESS
inhomogeneity | QUALITY
inland areas | LOCATION
inlet river | RESOURCE
inlet rivers | RESOURCE
inlet | RESOURCE
inlets | RESOURCE
inner sublittoral environments | RESOURCE
inorganic pollutants | RESOURCE
inorganic | QUALITY
inputs | RESOURCE
insecticides | RESOURCE
inshore | LOCATION
instantaneous deformation | PROCESS
integrated farming systems | RESOURCE
integrated multi - trophic aquaculture ( IMTA ) | PROCESS
integrated polyculture systems | RESOURCE
integrated production | PROCESS
integrity | QUALITY
intensive farming | PROCESS
intentional introductions | PROCESS
inter - habitat connectivity | QUALITY
internal flow kinematics | PROCESS
international level | QUALITY
interspecific differences | QUALITY
intertidal benthic communities | RESOURCE
intertidal plant formations | RESOURCE
intertidal species | RESOURCE
intertidal zone | LOCATION
intestinal contents | RESOURCE
intra - arc zone | LOCATION
intraspecific variations | QUALITY
introduction | PROCESS
intrusive rocks | RESOURCE
inundation | PROCESS
invaded lakes | LOCATION
invaded transects | LOCATION
invaded | QUALITY
invasion | PROCESS
invasive elodeids | ACTOR
invasive species | ACTOR
invertebrate | RESOURCE
invertebrates | RESOURCE
irradiance | PROCESS
irregular echinoids | QUALITY
irrigation waters | RESOURCE
irrigation | PROCESS
island | LOCATION
islands | LOCATION
isolation | PROCESS
isostatic rebound cycles | PROCESS
isotope | RESOURCE
jellyfish | ACTOR
jellyfish | RESOURCE
juvenile | ACTOR
juveniles | ACTOR
karstic coastal aquifers | RESOURCE
karstic terrains | RESOURCE
kinematics | QUALITY
kinetics | QUALITY
knowledge | QUALITY
knowledge | RESOURCE
labor | PROCESS
lagoon | RESOURCE
lake ecosystems | RESOURCE
lake restoration | PROCESS
lake | RESOURCE
lakes | RESOURCE
land - ocean interaction | PROCESS
land - use changes | QUALITY
land - use | PROCESS
land conversion | PROCESS
land cover | QUALITY
land degradation | PROCESS
land resource | RESOURCE
land subsidence | PROCESS
land use change | PROCESS
land use cover change ( LUCC ) | PROCESS
land use efficiency | QUALITY
land use planning | PROCESS
land use | PROCESS
land | RESOURCE
landfill leachate | RESOURCE
landscape connectivity | QUALITY
landscape management | PROCESS
landscape quality | QUALITY
landscapes | RESOURCE
landslide | PROCESS
larvae | ACTOR
larval stages | QUALITY
larval | ACTOR
lead | RESOURCE
leaves | RESOURCE
legacy | QUALITY
lentic systems | RESOURCE
levels | QUALITY
life cycles | QUALITY
life quality | QUALITY
life | PROCESS
light availability | QUALITY
light | RESOURCE
lipid regulators | RESOURCE
lithology | QUALITY
litter | RESOURCE
littoral biotopes | RESOURCE
littoral drift sand | RESOURCE
littoral drift | PROCESS
littoral fringe | LOCATION
littoral stations | LOCATION
littoral zone | LOCATION
littoral | LOCATION
littoral | RESOURCE
local benthic | RESOURCE
local conditions | QUALITY
local species | ACTOR
local subsidence drivers | ACTOR
lockdowns | PROCESS
loess | RESOURCE
logistic developments | PROCESS
long - chain unsaturated fatty acids | RESOURCE
long - term effects | QUALITY
longshore current | PROCESS
longshore currents | PROCESS
longshore drift of sediments | PROCESS
longshore | LOCATION
loriciferans | ACTOR
loss of life | QUALITY
loss | PROCESS
loss | QUALITY
losses | QUALITY
low - lying land | RESOURCE
low - lying | QUALITY
low salinity zone | LOCATION
low tides | PROCESS
lower eulittoral | LOCATION
lower upper eulittoral | LOCATION
lowering | PROCESS
mackerel | RESOURCE
macro - tidal flat ichnocoenoses | RESOURCE
macro force | PROCESS
macroalgae | RESOURCE
macroalgal ecology | RESOURCE
macroalgal species | RESOURCE
macrobenthos | RESOURCE
macroinvertebrates | RESOURCE
macrophyte | ACTOR
macroplastics | RESOURCE
magma | RESOURCE
magmatic belt | RESOURCE
magmatism | PROCESS
magnitude | QUALITY
maintenance program | RESOURCE
maintenance | PROCESS
male | ACTOR
males | ACTOR
man | ACTOR
management measures | RESOURCE
management strategy | RESOURCE
management tools | RESOURCE
management | PROCESS
managing | PROCESS
mangrove area | RESOURCE
mangrove coastlines | RESOURCE
mangrove ecosystem | RESOURCE
mangrove ecosystems | RESOURCE
mangrove forest | RESOURCE
mangrove forests | RESOURCE
mangrove plants | RESOURCE
mangrove rehabilitation | PROCESS
mangrove restoration | PROCESS
mangrove species | RESOURCE
mangrove trees | RESOURCE
mangrove vegetation | RESOURCE
mangrove wetlands | RESOURCE
mangrove | RESOURCE
mangroves | RESOURCE
mapping | PROCESS
mariculture industry | ACTOR
mariculture types | QUALITY
mariculture | PROCESS
marina design | QUALITY
marine coastal areas | LOCATION
marine diatoms | ACTOR
marine ecosystem | RESOURCE
marine ecosystems | RESOURCE
marine environment | RESOURCE
marine environmental quality | QUALITY
marine environments | RESOURCE
marine erosion | PROCESS
marine fish | ACTOR
marine floral | RESOURCE
marine food webs | QUALITY
marine life | RESOURCE
marine litter dispersion | PROCESS
marine litter | RESOURCE
marine mammals | ACTOR
marine organisms | RESOURCE
marine ports | RESOURCE
marine protected area | LOCATION
marine sand mining | PROCESS
marine sediments | RESOURCE
marine species | RESOURCE
marine | QUALITY
marine | RESOURCE
market | ACTOR
market | QUALITY
marsh | RESOURCE
mass deposits | RESOURCE
material | RESOURCE
materials | RESOURCE
mayflies | ACTOR
measurement | PROCESS
measures | PROCESS
measures | RESOURCE
mechanical equipment | RESOURCE
mechanical stability | QUALITY
mercury | RESOURCE
meso - to macro - tidal regime | QUALITY
mesotrophic | QUALITY
metabolic activity | QUALITY
metabolism | QUALITY
metals bioaccumulation | QUALITY
meteorological station | RESOURCE
meteorological variables | QUALITY
method | RESOURCE
metrics | QUALITY
micro - fibres | RESOURCE
micro - nano - plankton | ACTOR
micro - organisms | ACTOR
micro - scale processes | PROCESS
micro - sized plastics ( MPs ) | RESOURCE
microalgae community | RESOURCE
microbial pollution indicators | RESOURCE
microbial | ACTOR
microenvironments | RESOURCE
microorganisms | RESOURCE
microphytobenthos | RESOURCE
microplastic pollution | PROCESS
microplastics | RESOURCE
migration | PROCESS
migrations | PROCESS
mineralization | PROCESS
mineralized waters | RESOURCE
mining sites | RESOURCE
mining | PROCESS
mitigation | PROCESS
mix of HEPTA and OCTA ( MIX ) | RESOURCE
mixing energy | PROCESS
mixing | PROCESS
mixture of OCTA and HEPTA | RESOURCE
mobile dune | RESOURCE
mobility | QUALITY
modelling | PROCESS
moisture content | RESOURCE
molar concentration ratio of N and P ( N : P ) | QUALITY
molluscs | RESOURCE
monetary assessment | QUALITY
monitoring program | RESOURCE
monitoring programs | RESOURCE
monitoring strategies | RESOURCE
monitoring | PROCESS
monoculture aquaculture systems | RESOURCE
moon jellyfish | ACTOR
moraine | RESOURCE
morphology | QUALITY
mortality | QUALITY
mosquitofish | ACTOR
moss | RESOURCE
movement | PROCESS
movements | PROCESS
mowing | PROCESS
multi - scale coastal conflicts | PROCESS
multidisciplinary research project | RESOURCE
multiscale | QUALITY
multispiral | QUALITY
municipal solidwaste landfills | RESOURCE
municipalities | LOCATION
mussel | ACTOR
mussels | ACTOR
national nature reserves | RESOURCE
nationally endangered | QUALITY
native communities | RESOURCE
native cyprinid fishes | ACTOR
native plant species | RESOURCE
native specie | RESOURCE
native species | ACTOR
native species | RESOURCE
native | QUALITY
natural and anthropogenic conditions | QUALITY
natural attenuation | PROCESS
natural bacterial community | ACTOR
natural barrier | RESOURCE
natural communities | RESOURCE
natural disaster | PROCESS
natural disasters | PROCESS
natural dispersal | PROCESS
natural environment | RESOURCE
natural environments | RESOURCE
natural events | PROCESS
natural factors | QUALITY
natural habitats | RESOURCE
natural hazard | PROCESS
natural hazards | PROCESS
natural radiation | PROCESS
natural refugees | RESOURCE
natural systems | RESOURCE
natural wetlands | RESOURCE
natural | ACTOR
natural | QUALITY
nature - based infrastructure ( NBI ) | RESOURCE
nature - based risk reduction strategies | RESOURCE
nature reserves | RESOURCE
nature | RESOURCE
near shore | LOCATION
nearshore currents | PROCESS
nearshore | LOCATION
necto - benthic endangered top predators | ACTOR
net entanglement | PROCESS
nickel | RESOURCE
nitrate | RESOURCE
nitrogen ( N ) | RESOURCE
nitrogen deposition | PROCESS
nitrogen removal | PROCESS
nitrophilic grasses | RESOURCE
non - coastal region | LOCATION
non - enzymatic antioxidants | RESOURCE
non - essential metals | RESOURCE
non - estuarine | QUALITY
non - jellifying polysaccharides | RESOURCE
non - marine waterbirds | ACTOR
non - market institutions | ACTOR
non - native fishes | ACTOR
non - native freshwater fishes | ACTOR
non - native freshwater species | ACTOR
non - native marine fishes | ACTOR
non - native species | ACTOR
non - natural fibres | RESOURCE
non - rainfall sources | RESOURCE
non - soil - based agricultural production | PROCESS
non - tidal | QUALITY
non - trophic processes | PROCESS
non - urban areas | LOCATION
non - vegetated areas | RESOURCE
nonsteroidal anti - inflammatory drugs ( NSAIDs ) | RESOURCE
northeast and northwest parts of Dongguan City | LOCATION
northwestern South China Sea ( NWSCS ) | LOCATION
nurseries | RESOURCE
nursery area | RESOURCE
nursery | RESOURCE
nursing | PROCESS
nutrient addition | PROCESS
nutrient cycling | PROCESS
nutrient inputs | PROCESS
nutrient loads | QUALITY
nutrient pollution | PROCESS
nutrient transport | PROCESS
nutrient | RESOURCE
nutrients | RESOURCE
obligations | RESOURCE
ocean acidification | PROCESS
ocean basin | LOCATION
ocean circulation | PROCESS
ocean contamination | PROCESS
ocean ecosystems | RESOURCE
ocean | LOCATION
ocean | RESOURCE
offshore sand | RESOURCE
offshore waters | RESOURCE
offshore | LOCATION
ofmangroveforests | RESOURCE
oil - SPM aggregates ( OSAs ) | RESOURCE
oil - water contact area | LOCATION
oil spill | PROCESS
oil | RESOURCE
oiling | PROCESS
oligochaetes | ACTOR
oligosaccharides | RESOURCE
oligotrophic lakes | LOCATION
oligotrophic | QUALITY
ongoing research | PROCESS
open - water | LOCATION
open coast | LOCATION
open littoral | LOCATION
open sea | LOCATION
open water | LOCATION
opening | PROCESS
organic and inorganic substrates | RESOURCE
organic carbon | RESOURCE
organic compounds | RESOURCE
organic matter sedimentation rates | QUALITY
organic matter | RESOURCE
organic pollution | PROCESS
organic | QUALITY
organism | RESOURCE
organisms | ACTOR
organisms | RESOURCE
organochlorinated pesticides | RESOURCE
organogenic | QUALITY
otter | ACTOR
outdoor cultivation | PROCESS
outdoor systems | RESOURCE
overexploitation | PROCESS
overgrown littoral | LOCATION
overthrusts | PROCESS
oxidative damage | PROCESS
oxidative stress | PROCESS
oxygen | RESOURCE
oyster | RESOURCE
pCO2 | QUALITY
pH | QUALITY
palaeohydrogeology | QUALITY
palaeohydrological evolution | PROCESS
pandemic | ACTOR
parasite | ACTOR
parental magmas | RESOURCE
partial pressure of CO2 ( pCO2 ) | QUALITY
participation | PROCESS
particle dynamics | PROCESS
particle size | QUALITY
particle transfer | PROCESS
particles | RESOURCE
particularly prominent | QUALITY
particulate matter | RESOURCE
patch selection | PROCESS
patchy ice cover | RESOURCE
pattern of shoreline | QUALITY
peak discharge | QUALITY
peak discharges | QUALITY
peak storm tides | PROCESS
peak tide | PROCESS
peak | RESOURCE
peaks | RESOURCE
peat | RESOURCE
peatland | LOCATION
peatland | RESOURCE
pebbles | RESOURCE
pebbly bottom | RESOURCE
pelagic ecosystem | RESOURCE
pelagic fish | ACTOR
pelagic | LOCATION
pelagic | QUALITY
people | ACTOR
peoples | ACTOR
perception | QUALITY
perch | ACTOR
performance | QUALITY
peripheral sites | RESOURCE
permeable beds | RESOURCE
persistence | QUALITY
pest control | PROCESS
pest | ACTOR
pesticides | RESOURCE
petrochemical reservoirs | RESOURCE
petroleum - derived carbon | RESOURCE
petrology | QUALITY
pharmaceutical products | RESOURCE
pharmaceuticals | ACTOR
phase lag | QUALITY
phenanthrene | RESOURCE
phenolic compounds | RESOURCE
phenolics | RESOURCE
phosphorus ( P ) | RESOURCE
photo - degradation | PROCESS
photoacclimation | PROCESS
photodamage | PROCESS
photoinhibition | PROCESS
photoprotective mechanism | RESOURCE
photoprotective strategies | RESOURCE
photoprotective strategy | RESOURCE
photosynthesis | PROCESS
photosynthetic pigments | RESOURCE
phylum | QUALITY
physical conditioners | QUALITY
physical disturbance | PROCESS
physical factors | QUALITY
physical impacts | QUALITY
physical properties | QUALITY
physical | QUALITY
physicochemical properties | QUALITY
physiological adaptation | PROCESS
physiological mechanisms | PROCESS
physiological state | QUALITY
phyto - monitoring | PROCESS
phytoextraction | PROCESS
phytohormones | RESOURCE
phytoplankton production | PROCESS
phytoplankton | RESOURCE
phytoremediation agents | ACTOR
phytoremediation | PROCESS
phytostabilization | PROCESS
piezometric level | QUALITY
pigmented leaf | RESOURCE
pigments | RESOURCE
piscivorous | QUALITY
piscivory | QUALITY
plaice | RESOURCE
planktivorous species | ACTOR
planktonic | RESOURCE
planning | PROCESS
plant - like organisms | RESOURCE
plant communities | RESOURCE
plant community composition | QUALITY
plant community | RESOURCE
plant growth | PROCESS
plant species richness | QUALITY
plant species | RESOURCE
plant | RESOURCE
planting | PROCESS
plants | RESOURCE
plastic contamination | PROCESS
plastic debris | RESOURCE
plastic particles | RESOURCE
plastic | RESOURCE
plastics | RESOURCE
plate | RESOURCE
plutonic suites | RESOURCE
pocket beaches | LOCATION
policies | RESOURCE
policy | RESOURCE
political dimensions | QUALITY
pollutant | RESOURCE
pollutants | RESOURCE
polluted areas | QUALITY
polluted waters | RESOURCE
pollution | PROCESS
polyculture | PROCESS
polycyclic aromatic hydrocarbons ( PAHs ) | RESOURCE
polyethylene terephthalate | RESOURCE
polyethylene | RESOURCE
polypropylene | RESOURCE
polysaccharides | RESOURCE
polystyrene | RESOURCE
polyvinyl chloride | RESOURCE
pond culture | PROCESS
pond effluent | RESOURCE
pond | RESOURCE
ponded | QUALITY
ponds | LOCATION
ponds | RESOURCE
pontoons | RESOURCE
populated areas | LOCATION
population density | QUALITY
population dynamics | PROCESS
population growth | PROCESS
population status | QUALITY
population structure | QUALITY
population | ACTOR
populations | ACTOR
port city | RESOURCE
ports | LOCATION
postlar - val | ACTOR
postlarvae | ACTOR
potential distribution | QUALITY
potential production | QUALITY
precipitation | PROCESS
predation | PROCESS
predictive scenarios | RESOURCE
presence | QUALITY
preservation | PROCESS
prevention | PROCESS
prey accessibility | QUALITY
prey fish | RESOURCE
prey | RESOURCE
primary production | PROCESS
primary sources | QUALITY
proactive measures | RESOURCE
production rate | QUALITY
production | PROCESS
production | QUALITY
productivity | QUALITY
profit | QUALITY
program | RESOURCE
programs | RESOURCE
prohibitions | PROCESS
projects | RESOURCE
property | RESOURCE
protect | PROCESS
protection structures | RESOURCE
protection | PROCESS
proteins | RESOURCE
protozooplankton | ACTOR
provenance | QUALITY
provinces | LOCATION
provision | PROCESS
provisions | PROCESS
proximity | QUALITY
public acceptance | QUALITY
public health | QUALITY
pulses | PROCESS
quality degradation | PROCESS
quality | QUALITY
quantity | QUALITY
radar | RESOURCE
radiocarbon depleted organic matter | RESOURCE
radiocarbon | RESOURCE
rainbow smelt | RESOURCE
rainbow trout | ACTOR
rainfall distribution | QUALITY
rainfall pattern | QUALITY
rainfall | PROCESS
rains | PROCESS
re - infiltration | PROCESS
reactivation | PROCESS
reactive nitrogen | RESOURCE
real estate | RESOURCE
rebar | RESOURCE
recharge | PROCESS
recolonized | PROCESS
recovery | PROCESS
recreational value | QUALITY
recreational | QUALITY
recruitment pattern | QUALITY
recruitment patterns | QUALITY
recruitment | PROCESS
recycling | PROCESS
red algae | RESOURCE
reduction | PROCESS
reductions | PROCESS
redundancy | QUALITY
refraction | PROCESS
regional regulations | RESOURCE
regions | LOCATION
regression planning | PROCESS
regular echinoids | QUALITY
regulating | PROCESS
regulatory measures | RESOURCE
rehabilitation | PROCESS
reinforced concrete ( RC ) structures | RESOURCE
relative abundance | QUALITY
relative sea - level rise ( rSLR ) | PROCESS
relative sea - level rising rates ( RSLRR ) | QUALITY
release | PROCESS
relocation | PROCESS
remineralization | PROCESS
removal | PROCESS
repopulation | PROCESS
repository site | RESOURCE
reproduction | PROCESS
reproductive period | PROCESS
requirements | QUALITY
research | PROCESS
reservoir | RESOURCE
reservoirs | LOCATION
reservoirs | RESOURCE
residence time | QUALITY
resilience | QUALITY
resistance | PROCESS
resort | RESOURCE
resource environment carrying capacity ( RECC ) | QUALITY
resource environment | RESOURCE
resource management strategies | RESOURCE
resource | RESOURCE
resources | RESOURCE
respiration | PROCESS
response strategies | RESOURCE
restoration of biodiversity | PROCESS
restricted access | QUALITY
retention | PROCESS
retreat | PROCESS
reverse effect | PROCESS
revetments | RESOURCE
reworking | PROCESS
rice | RESOURCE
ridgetail white shrimp | RESOURCE
rigid structures | RESOURCE
rills | RESOURCE
rip currents | PROCESS
rise in sea levels | PROCESS
risen by 24 cm | PROCESS
rising sea levels | PROCESS
risk reduction measures | RESOURCE
risk | QUALITY
risks | QUALITY
river - aquifer systems | RESOURCE
river channel | RESOURCE
river deltas | LOCATION
river floods | PROCESS
river plume | PROCESS
river plumes | PROCESS
river | RESOURCE
riverine floods | PROCESS
rivers | RESOURCE
roach | ACTOR
rock | RESOURCE
rocks | RESOURCE
rocky littoral system | LOCATION
rollback | PROCESS
root | RESOURCE
roots | RESOURCE
ruderals | QUALITY
safety assessment | PROCESS
safety barriers | RESOURCE
safety features | QUALITY
safety limit | QUALITY
safety | QUALITY
saline alkaline water | RESOURCE
saline areas | LOCATION
saline water | RESOURCE
saline wetlands | RESOURCE
saline | QUALITY
salinity ( SAL ) | QUALITY
salinity - increasing processes | PROCESS
salinity | QUALITY
salinization | PROCESS
salt - resistant plants | RESOURCE
salt content | QUALITY
salt fluxes | PROCESS
salt marsh vegetation | RESOURCE
salt | RESOURCE
salts | RESOURCE
saltwater interaction | PROCESS
saltwater intrusion | PROCESS
saltwater | RESOURCE
sample | RESOURCE
samples | RESOURCE
sand - mining sites | LOCATION
sand - mining | PROCESS
sand filled geotextile tubes ( geotubes ) | RESOURCE
sand mining | PROCESS
sand pits | RESOURCE
sand resources | RESOURCE
sand | RESOURCE
sands | RESOURCE
sandy geological materials | RESOURCE
sandy littoral | LOCATION
sapling | RESOURCE
scavenging activities | PROCESS
scavenging behavior | QUALITY
scenic value | QUALITY
school building | RESOURCE
science | RESOURCE
scientists | ACTOR
sea - level rise | PROCESS
sea - level | QUALITY
sea and brackish water quality | QUALITY
sea cucumber | RESOURCE
sea fisheries | RESOURCE
sea floor | LOCATION
sea floor | RESOURCE
sea ice loss | PROCESS
sea interface | LOCATION
sea level rise ( SLR ) | PROCESS
sea level rise | PROCESS
sea level | QUALITY
sea storms | PROCESS
sea surface | LOCATION
sea urchins | RESOURCE
sea | LOCATION
sea | RESOURCE
seabass | RESOURCE
seabird colonies | LOCATION
seabird disturbance | PROCESS
seabird populations | ACTOR
seabird | ACTOR
seabirds | ACTOR
seafood species | RESOURCE
seafood trade | PROCESS
seafood | RESOURCE
seagrass | RESOURCE
seagrasses | RESOURCE
seals | ACTOR
seas | RESOURCE
seascape ecology | RESOURCE
seasonal changes | QUALITY
seasonal pack ice cover | RESOURCE
seasonal variation | QUALITY
seawalls | RESOURCE
seawater aquaculture | PROCESS
seawater intrusion | PROCESS
seawater quality | QUALITY
seawater | RESOURCE
seawaters | LOCATION
seawaters | RESOURCE
seaweed farmers | ACTOR
seaweed farming | PROCESS
seaweed | RESOURCE
seaweeds | RESOURCE
secondary hardgrounds | RESOURCE
secondary metabolites | RESOURCE
secondary sources | QUALITY
sediment - starved littoral | LOCATION
sediment - transport | PROCESS
sediment - water interface | LOCATION
sediment accumulation | PROCESS
sediment delivery | PROCESS
sediment deposition | PROCESS
sediment mass accumulation | PROCESS
sediment mixing | PROCESS
sediment organic matter | RESOURCE
sediment processes | PROCESS
sediment relocation | PROCESS
sediment sequences | RESOURCE
sediment transport | PROCESS
sediment traps | RESOURCE
sediment type | QUALITY
sediment | RESOURCE
sedimentary successions | RESOURCE
sedimentation beach groundwater system | RESOURCE
sedimentation rate | QUALITY
sedimentation | PROCESS
sedimentologic facies | QUALITY
sediments | RESOURCE
seed dispersal | PROCESS
seedling | PROCESS
seedlings | RESOURCE
segmentation | PROCESS
segregation | PROCESS
seismic activity | PROCESS
seismic performance | QUALITY
seismically active | QUALITY
seismogenic structure | QUALITY
seismometers | RESOURCE
selection | PROCESS
semi - intensive shrimp farm systems ( SCS ) | RESOURCE
semisubmersible platforms | RESOURCE
sensible areas | QUALITY
sensitivity | QUALITY
services | RESOURCE
seston | RESOURCE
settling velocities | QUALITY
settling | PROCESS
sewage | RESOURCE
sex - ratio | QUALITY
sex | QUALITY
sexual dimorphism | QUALITY
shadow zone | QUALITY
shallow groundwater system | RESOURCE
shallow sea | RESOURCE
shallow sites | LOCATION
shallow water | QUALITY
shallow | QUALITY
shallower depths | QUALITY
shallower fresh groundwater | RESOURCE
shape | QUALITY
sharks | ACTOR
shelf area | LOCATION
shelf gradient | QUALITY
shelf | LOCATION
shelf | RESOURCE
shellfish | RESOURCE
ships | RESOURCE
shoal | RESOURCE
shoals | RESOURCE
shore protection | PROCESS
shore | LOCATION
shore | RESOURCE
shoreline changes | QUALITY
shoreline oscillations | PROCESS
shoreline works | PROCESS
shoreline | LOCATION
shoreline | RESOURCE
shorelines | LOCATION
short - distance force | PROCESS
short grass | RESOURCE
shortening | PROCESS
shrimp farming | PROCESS
shrimp industry | ACTOR
shrimp pond farming | PROCESS
shrimp | RESOURCE
shrubs | RESOURCE
silty bottom habitats | RESOURCE
silty sediments | RESOURCE
silviculture | PROCESS
simulation model | RESOURCE
simvastatin | RESOURCE
single - cell activity | PROCESS
sinking coast | PROCESS
sinks | RESOURCE
site - managers | ACTOR
sites | LOCATION
size groups | QUALITY
size | QUALITY
skills | RESOURCE
skincare products | RESOURCE
sliding displacement | PROCESS
slope failure | PROCESS
slope | QUALITY
slope | RESOURCE
small tidal inlets ( STIs ) | RESOURCE
smooth - coated otter | ACTOR
smooth - coated otters | ACTOR
snook | RESOURCE
snooks | RESOURCE
snowmelt | PROCESS
social and institutional dynamics | PROCESS
social needs | QUALITY
socio - economic implications | QUALITY
socioeconomic development | PROCESS
socioeconomic | QUALITY
soil erosion | PROCESS
soil nutrient | RESOURCE
soil productivity | QUALITY
soil properties | QUALITY
soil resources | RESOURCE
soil salinity | QUALITY
soil type | QUALITY
soil | RESOURCE
soils | RESOURCE
solar radiation | PROCESS
sorption | PROCESS
source | RESOURCE
sources | QUALITY
sources | RESOURCE
space limitations | QUALITY
spatangoid echinoids | RESOURCE
spatangoid | RESOURCE
spatial and seasonal distribution | QUALITY
spatial and temporal distribution | QUALITY
spatial decision - support tools | RESOURCE
spatial distribution | QUALITY
spatial imbalance | QUALITY
spatial interactions | PROCESS
spatial patterns | QUALITY
spatial scale | QUALITY
spatial units | LOCATION
spawning period | PROCESS
species - habitat relationships | PROCESS
species composition | QUALITY
species richness | QUALITY
species | ACTOR
species | RESOURCE
specimens | ACTOR
spice | RESOURCE
spicules | RESOURCE
spill | PROCESS
sprat stock | RESOURCE
sprat | ACTOR
spread | PROCESS
squids | RESOURCE
stability | QUALITY
stable isotope d15N | RESOURCE
stable isotopes | RESOURCE
stakeholders | ACTOR
stations | LOCATION
stations | RESOURCE
steep slope | RESOURCE
stems | RESOURCE
stoichiometry | QUALITY
stomachs | RESOURCE
storm surge | PROCESS
storm surges | PROCESS
storm tides | PROCESS
storm waves | PROCESS
storm | PROCESS
storms | PROCESS
stormwater | RESOURCE
strategies | RESOURCE
streams | RESOURCE
stress | PROCESS
stress | QUALITY
stressors | ACTOR
stressors | QUALITY
stria areola | RESOURCE
striped red mullet | RESOURCE
structural integrity | QUALITY
structure | QUALITY
structure | RESOURCE
structures | RESOURCE
studies | RESOURCE
sub - Arctic | LOCATION
sub - littoral fringe | LOCATION
subaqueous volcanic explosion | PROCESS
subaqueous volcanic explosions | PROCESS
subduction | PROCESS
sublittoral environments | RESOURCE
submarine GW discharge | PROCESS
submarine active faults | RESOURCE
submarine canyons | RESOURCE
submarine explosions | PROCESS
submarine groundwater discharge | PROCESS
submarine landslides | PROCESS
submarine | LOCATION
subsidence | PROCESS
substrate characteristics | QUALITY
substrate | RESOURCE
substrates | RESOURCE
subtidal | QUALITY
subtropical | QUALITY
suitability area | LOCATION
suitability | QUALITY
supplements | RESOURCE
supply and demand | PROCESS
supply | PROCESS
supra - littoral | LOCATION
surf zone | LOCATION
surface soil | RESOURCE
surface traces | RESOURCE
surface waterand | RESOURCE
surface waters | RESOURCE
surface | LOCATION
surveillance | PROCESS
survival rate | QUALITY
survival | QUALITY
suspended particulate matter ( SPM ) | RESOURCE
suspended sediment concentration ( SSC ) | QUALITY
sustainability | QUALITY
sustainable development | PROCESS
sustainable food production | PROCESS
sustainable resource management | PROCESS
sustenance | QUALITY
swamp | RESOURCE
swash zone processes | PROCESS
swash zone | LOCATION
swash | LOCATION
switchable damper | RESOURCE
switchable fluid damper | RESOURCE
swordtail | ACTOR
synergistic effect | PROCESS
synthetic debris | RESOURCE
synthetic micro - fibres | RESOURCE
systems | RESOURCE
tall grass | RESOURCE
tapeworm | ACTOR
taphonomy | QUALITY
targeting | PROCESS
taxa | RESOURCE
technical support | RESOURCE
technology | RESOURCE
tectonic dynamics | PROCESS
tectonic evolutionary process | PROCESS
tectonically active | QUALITY
tectonics | QUALITY
tectono - magmatic evolution | PROCESS
tectono - sedimentary coupling | PROCESS
temperate areas | LOCATION
temperate regions | LOCATION
temperature | QUALITY
temperatures | QUALITY
temporal and spatial patterns | QUALITY
temporal evolution | QUALITY
temporal variations | QUALITY
tensional deformation | PROCESS
terraces | RESOURCE
terrestrial SGD | PROCESS
terrestrial borrow pits | RESOURCE
terrestrial environment | RESOURCE
terrestrial sources | QUALITY
terrestrial vegetation | RESOURCE
territorial conflicts | PROCESS
thallus plants | RESOURCE
the area | LOCATION
theoretical or predictive modelling | PROCESS
thickness | QUALITY
thinlip mullet | ACTOR
thiols | RESOURCE
threat | PROCESS
threatened species red list | RESOURCE
threats | PROCESS
tidal currents | PROCESS
tidal effects | PROCESS
tidal flat deposits | RESOURCE
tidal flat | RESOURCE
tidal fluctuations | PROCESS
tidal level | QUALITY
tidal marshes | RESOURCE
tidal wetlands | RESOURCE
tide | PROCESS
tides | PROCESS
tills | RESOURCE
tires | RESOURCE
tissue - cultured seedling | RESOURCE
tissue - cultured seedlings | RESOURCE
topographic gradient | QUALITY
topography | QUALITY
total alkalinity ( TA ) | QUALITY
total dissolved nitrogen | QUALITY
total exposure | QUALITY
total nitrogen ( TN ) | QUALITY
total or relative cell abundance | QUALITY
total phosphorus ( TP ) | QUALITY
total salt content | QUALITY
tourism development ( TD ) | PROCESS
tourism development | PROCESS
tourism precincts | RESOURCE
tourism resorts | RESOURCE
tourism resources | RESOURCE
tourism | PROCESS
toxic contaminants | RESOURCE
toxic effects | PROCESS
toxic | QUALITY
traces | RESOURCE
trading | PROCESS
traditional local communities | ACTOR
transference potential | QUALITY
transformation | PROCESS
transition zone | LOCATION
transitory fishes | ACTOR
transplantation | PROCESS
transport | PROCESS
treatment | PROCESS
trees | RESOURCE
tributaries | RESOURCE
tritium | RESOURCE
trophic functional groups | QUALITY
trophic level | QUALITY
trophic levels | QUALITY
trophic status | QUALITY
trophic | QUALITY
tropical countries | LOCATION
tropical cyclones | PROCESS
tropical storms | PROCESS
tropical | QUALITY
tsunami hazard | PROCESS
tsunami mitigation | PROCESS
tsunami | PROCESS
tsunamis | PROCESS
tuned vibration system | RESOURCE
turbulence | PROCESS
types | QUALITY
typhoon intensification ( TI ) | PROCESS
typologies | QUALITY
ultrafraction | PROCESS
undersized fish | RESOURCE
undersized individuals | RESOURCE
undersized | QUALITY
undersized | RESOURCE
underwater | QUALITY
undeveloped open space | RESOURCE
undisturbed areas | LOCATION
undisturbed bottom | QUALITY
uninvaded lakes | LOCATION
uninvaded transects | LOCATION
uninvaded | QUALITY
unsustainable | QUALITY
uplift | PROCESS
upper and lower eulittoral | LOCATION
upper eulittoral | LOCATION
upstream | LOCATION
upwelling | PROCESS
urban areas | LOCATION
urban centres | LOCATION
urban effluents | RESOURCE
urban estuarine coastline | LOCATION
urban gardens | LOCATION
urban matrix | LOCATION
urban settings | QUALITY
urban sites | LOCATION
urban | QUALITY
urbanisation | PROCESS
urbanisation | QUALITY
urbanization | PROCESS
urbanized coastal areas | LOCATION
utilization | PROCESS
valve | RESOURCE
variability | QUALITY
variation | QUALITY
vegetated areas | RESOURCE
vegetation cover | QUALITY
vegetation coverage | QUALITY
vegetation degradation | PROCESS
vegetation growth | PROCESS
vegetation management | PROCESS
vegetation removal | PROCESS
vegetation structure | QUALITY
vegetation | RESOURCE
vegetative filter strips | RESOURCE
velocity | QUALITY
vertical distribution | QUALITY
viability | QUALITY
villages | RESOURCE
vimenes | RESOURCE
virgae | RESOURCE
vitamins | RESOURCE
volcanic activity | PROCESS
volume flux | QUALITY
volume | QUALITY
vulnerability | QUALITY
vulnerable locations | LOCATION
walleye | ACTOR
walleyes | ACTOR
warm - temperate littorals | LOCATION
warm current | PROCESS
warming | PROCESS
waste form | QUALITY
waste | RESOURCE
wastes | RESOURCE
wastewater | RESOURCE
wastewaters | RESOURCE
watching | PROCESS
water bodies | RESOURCE
water body | RESOURCE
water change detection ( WCD ) | PROCESS
water column | QUALITY
water demand | PROCESS
water discharges | PROCESS
water exchange | PROCESS
water executive commission | ACTOR
water flows | PROCESS
water levels | QUALITY
water mass | RESOURCE
water movements | PROCESS
water quality | QUALITY
water resources | RESOURCE
water supply | PROCESS
water table | RESOURCE
water | RESOURCE
waterborne industries | ACTOR
waters | LOCATION
waters | RESOURCE
waterways | LOCATION
waterways | RESOURCE
wave action | PROCESS
wave energy | QUALITY
wave exposure | QUALITY
wave forcing | PROCESS
wave height | QUALITY
wave heights | QUALITY
wave intensity | QUALITY
wave mitigation | PROCESS
wave rays | QUALITY
wave swells | PROCESS
wave transformation | PROCESS
wave | PROCESS
wavelengths | PROCESS
waves | PROCESS
well | RESOURCE
wells | RESOURCE
west - east gradient | QUALITY
wet weight | QUALITY
wetland vegetation | RESOURCE
wetlands | RESOURCE
whiting | RESOURCE
widespread | QUALITY
wildlife | RESOURCE
wind speed | QUALITY
wind speeds | QUALITY
wind | PROCESS
winds | PROCESS
young - of - the - year walleyes | ACTOR
zonation | PROCESS
zoobenthic communities | ACTOR
zoobenthivory | QUALITY
zoobenthos | ACTOR
zooplanktivory | QUALITY
zooplankton | RESOURCE
