ARs	Specific_Term
Acidification	Specific_Term
Adult	Specific_Term
Adults	Specific_Term
Africa	Specific_Term
Agencies	Specific_Term
Alabama	Specific_Term
Algal Blooms	Specific_Term
Andes	Specific_Term
Anguilla anguilla	Specific_Term
Anhui	Specific_Term
Anisotropy	Specific_Term
Anostraca	Specific_Term
Anthropocene	Specific_Term
Apulia	Specific_Term
Aquatic organisms	Specific_Term
Arabian Gulf	Specific_Term
Archipelago	Specific_Term
Arctic	Specific_Term
Argentina	Specific_Term
Aristichthys	Specific_Term
Artemia	Specific_Term
Asellus	Specific_Term
Asi	Specific_Term
Atlantic Ocean	Specific_Term
Atlantic salmon	Specific_Term
Aurelia coerulea	Specific_Term
Australia	Specific_Term
Avicennia	Specific_Term
Aythya marila	Specific_Term
Azov Sea	Specific_Term
Bacteroidetes	Specific_Term
Baltic Sea	Specific_Term
Bangladesh	Specific_Term
Bay	Specific_Term
Beach	Specific_Term
Beaufort Sea	Specific_Term
Biomass	Specific_Term
Biotope	Specific_Term
Birds	Specific_Term
Black Sea	Specific_Term
Brazil	Specific_Term
Breeding sites	Specific_Term
Brown trout	Specific_Term
Bryopsidophyceae	Specific_Term
Built-up area	Specific_Term
CO2	Specific_Term
COVID-19	Specific_Term
Campania	Specific_Term
Canada	Specific_Term
Canyon	Specific_Term
Captive breeding	Specific_Term
Carassius carassius	Specific_Term
Caribbean	Specific_Term
Cell Biology	Specific_Term
Chaetomorpha	Specific_Term
Chelonodon patoca	Specific_Term
Chile	Specific_Term
China	Specific_Term
Chlorophyceae	Specific_Term
Chlorophyta	Specific_Term
Chondracanthus	Specific_Term
Chromis chromis	Specific_Term
Citizen science	Specific_Term
Citizens	Specific_Term
Clangula hyemalis	Specific_Term
Climate Change Adaptation	Specific_Term
Climate change	Specific_Term
Clypeaster	Specific_Term
Coastal Zone Management	Specific_Term
Coastal areas	Specific_Term
Coastal flooding	Specific_Term
Comoros	Specific_Term
Constructions	Specific_Term
Convention	Specific_Term
Coral	Specific_Term
Cortaderia	Specific_Term
Coscinodiscus	Specific_Term
Cretaceous	Specific_Term
Crustacea	Specific_Term
Ctenopharyngodon idella	Specific_Term
Cyanea	Specific_Term
Cygnus olor	Specific_Term
Cyprinus carpio	Specific_Term
DEM	Specific_Term
Delta	Specific_Term
Desertification	Specific_Term
Diatoms	Specific_Term
Dicentrarchus labrax	Specific_Term
Diploneis	Specific_Term
Directives	Specific_Term
Dolphins	Specific_Term
Drainage	Specific_Term
Dutch	Specific_Term
Eastern Mediterranean Sea	Specific_Term
Echinocyamus	Specific_Term
Echinolampas	Specific_Term
Ecosystem	Specific_Term
Ecotourism	Specific_Term
Ecuador	Specific_Term
Egypt	Specific_Term
El Nino	Specific_Term
Elodea canadensis	Specific_Term
Environmental Indicators	Specific_Term
Environmental Protection	Specific_Term
Epinephelus marginatus	Specific_Term
Erignathus barbatus	Specific_Term
Erosion	Specific_Term
Escherichia coli	Specific_Term
Estuaries	Specific_Term
Estuary	Specific_Term
Eucalyptus	Specific_Term
Eucheuma	Specific_Term
Europe	Specific_Term
European eel	Specific_Term
Eutrophication	Specific_Term
Evacuation	Specific_Term
Evaporation	Specific_Term
Fault	Specific_Term
Fernando de Noronha	Specific_Term
Fisheries	Specific_Term
Fishing	Specific_Term
Fishing effort	Specific_Term
Fissurella	Specific_Term
Flamingolepis liguloides	Specific_Term
Floating Structures	Specific_Term
Flocculation	Specific_Term
Flooding	Specific_Term
Florida	Specific_Term
Food habits	Specific_Term
Forest	Specific_Term
French	Specific_Term
Fujian	Specific_Term
Gambusia affinis	Specific_Term
Gammaproteobacteria	Specific_Term
Gammarus	Specific_Term
Gammarus lacustris	Specific_Term
Garra rufa	Specific_Term
Gavia stellata	Specific_Term
Genocidaris	Specific_Term
Ghana	Specific_Term
Gracilaria	Specific_Term
Grateloupia	Specific_Term
Groups	Specific_Term
Guangdong	Specific_Term
Guangxi	Specific_Term
Guizhou	Specific_Term
Gujarat	Specific_Term
Gulf	Specific_Term
Gulf of Mexico	Specific_Term
Gulf of Naples	Specific_Term
Hainan	Specific_Term
Heavy metals	Specific_Term
Hemiptera	Specific_Term
Hong Kong	Specific_Term
Human health	Specific_Term
Hurricane	Specific_Term
Hurricanes	Specific_Term
Hypnea	Specific_Term
Hypophthalmichthys molitrix	Specific_Term
IUCN	Specific_Term
Ibuprofen	Specific_Term
Ice	Specific_Term
Iceland	Specific_Term
Ictalurus punctatus	Specific_Term
Index	Specific_Term
India	Specific_Term
Indian Ocean	Specific_Term
Individuals	Specific_Term
Indonesia	Specific_Term
Integrated Coastal Zone Management	Specific_Term
Invasive species	Specific_Term
Irrigation	Specific_Term
Island	Specific_Term
Islands	Specific_Term
Italy	Specific_Term
Japan	Specific_Term
Jiangsu	Specific_Term
Jurassic	Specific_Term
Juveniles	Specific_Term
Kara Sea	Specific_Term
Kerala	Specific_Term
Lac	Specific_Term
Lake	Specific_Term
Lake Eber	Specific_Term
Land use	Specific_Term
Landscape	Specific_Term
LiDAR	Specific_Term
Libya	Specific_Term
Litter	Specific_Term
Littoral	Specific_Term
Liza ramada	Specific_Term
Loess	Specific_Term
Loligo	Specific_Term
Loriciferans	Specific_Term
Louisiana	Specific_Term
Lovenia	Specific_Term
Macau	Specific_Term
Madeira	Specific_Term
Maine	Specific_Term
Malaysia	Specific_Term
Management	Specific_Term
Managers	Specific_Term
Mangrove	Specific_Term
Mangrove forests	Specific_Term
Mangroves	Specific_Term
Marine Strategy Framework Directive	Specific_Term
Mayotte	Specific_Term
Mediterranean Sea	Specific_Term
Mediterranean area	Specific_Term
Mesembryanthemum crystallinum	Specific_Term
Mexico	Specific_Term
Microorganisms	Specific_Term
Middle East	Specific_Term
Migrants	Specific_Term
Miocene	Specific_Term
Modiolus	Specific_Term
Mollusks	Specific_Term
Monitoring	Specific_Term
Monoporeia affinis	Specific_Term
Mortality	Specific_Term
Mugil cephalus	Specific_Term
Mullus surmuletus	Specific_Term
Mute Swan	Specific_Term
Myanmar	Specific_Term
Mylopharyngodon piceus	Specific_Term
Mysis	Specific_Term
NDVI	Specific_Term
NO3-N	Specific_Term
Nanaloricus	Specific_Term
Netherlands	Specific_Term
New Zealand	Specific_Term
Ningxia	Specific_Term
North America	Specific_Term
North Atlantic	Specific_Term
North Pacific Ocean	Specific_Term
North Sea	Specific_Term
Northern Ireland	Specific_Term
Northern Wheatear	Specific_Term
Northwest Pacific	Specific_Term
Oceans	Specific_Term
Ochrophyta	Specific_Term
Oenanthe oenanthe	Specific_Term
Oil pollution	Specific_Term
Oman	Specific_Term
Oncorhynchus mykiss	Specific_Term
Onyx	Specific_Term
Oryza sativa	Specific_Term
Osmerus mordax	Specific_Term
Otter	Specific_Term
Oxidation-reduction	Specific_Term
PAH	Specific_Term
PUA	Specific_Term
Pacific Ocean	Specific_Term
Parasitism	Specific_Term
Particle	Specific_Term
Peninsular Malaysia	Specific_Term
Perca fluviatilis	Specific_Term
Perna perna	Specific_Term
Pesticides	Specific_Term
Phaeophyceae	Specific_Term
Philippines	Specific_Term
Phoenicopterus ruber	Specific_Term
Photoinhibition	Specific_Term
Phytoplankton	Specific_Term
Plaice	Specific_Term
Planners	Specific_Term
Plastic	Specific_Term
Pleistocene	Specific_Term
Polish	Specific_Term
Pollutants	Specific_Term
Pond	Specific_Term
Portugal	Specific_Term
Prasinophyceae	Specific_Term
Preservation	Specific_Term
Prionocidaris	Specific_Term
Protected Areas	Specific_Term
Psammechinus	Specific_Term
Quaternary	Specific_Term
Quebec	Specific_Term
Radioactive waste	Specific_Term
Rainfall	Specific_Term
Rare earth	Specific_Term
Red Sea	Specific_Term
Red algae	Specific_Term
Regional differences	Specific_Term
Reservoir	Specific_Term
Rhodobacteraceae	Specific_Term
Rhodophyta	Specific_Term
Rhopilema	Specific_Term
Rio de Janeiro	Specific_Term
Risk management	Specific_Term
River	Specific_Term
River Basin	Specific_Term
River basin	Specific_Term
Rivers	Specific_Term
Romania	Specific_Term
Russian Federation	Specific_Term
Rutilus rutilus	Specific_Term
SAR	Specific_Term
SOD	Specific_Term
Sabella spallanzanii	Specific_Term
Salinity	Specific_Term
Salmo trutta	Specific_Term
Salt	Specific_Term
Sao Paulo	Specific_Term
Sardinia	Specific_Term
Sargassum polycystum	Specific_Term
Saudi Arabia	Specific_Term
Schizaster	Specific_Term
Scomber scombrus	Specific_Term
Sea	Specific_Term
Sea level	Specific_Term
Sea of Okhotsk	Specific_Term
Seabirds	Specific_Term
Seas	Specific_Term
Seawater	Specific_Term
Seaweeds	Specific_Term
Sediment	Specific_Term
Sediment samples	Specific_Term
Senegal	Specific_Term
Sepia officinalis	Specific_Term
Seston	Specific_Term
Shanghai	Specific_Term
Sharks	Specific_Term
Shoreline	Specific_Term
Siberian	Specific_Term
Singapore	Specific_Term
Skeletonema costatum	Specific_Term
Soil	Specific_Term
Soil salinity	Specific_Term
South Africa	Specific_Term
South Asia	Specific_Term
South Atlantic Ocean	Specific_Term
South Australia	Specific_Term
South China Sea	Specific_Term
South Dakota	Specific_Term
South Korea	Specific_Term
Soviet Union	Specific_Term
Spain	Specific_Term
Spatangus	Specific_Term
Sri Lanka	Specific_Term
Stable isotopes	Specific_Term
Stizostedion vitreum	Specific_Term
Strategy	Specific_Term
Stylocidaris	Specific_Term
Submarine	Specific_Term
Suez Canal	Specific_Term
Sulawesi	Specific_Term
Sumatra	Specific_Term
Sustainable Development	Specific_Term
Swans	Specific_Term
Synechococcus	Specific_Term
TTX	Specific_Term
Takifugu	Specific_Term
Tamarix	Specific_Term
Tamil Nadu	Specific_Term
Tasmania	Specific_Term
Temperature	Specific_Term
Tetraclita	Specific_Term
Toxicology	Specific_Term
Transport	Specific_Term
Tretocidaris	Specific_Term
Trichocorixa verticalis	Specific_Term
Tripneustes	Specific_Term
Trophic levels	Specific_Term
Tuscany	Specific_Term
Typha	Specific_Term
USA	Specific_Term
UV radiation	Specific_Term
Ulva fasciata	Specific_Term
Ulvaceae	Specific_Term
Ulvales	Specific_Term
Ulvophyceae	Specific_Term
Urban areas	Specific_Term
Uria aalge	Specific_Term
Uria lomvia	Specific_Term
Uruguay	Specific_Term
Valencia	Specific_Term
Vegetation cover	Specific_Term
Vehicle	Specific_Term
Waste Water Treatment Plants	Specific_Term
Wastewater treatment	Specific_Term
Water	Specific_Term
Water Framework Directive	Specific_Term
Water levels	Specific_Term
Water resources management	Specific_Term
Water scarcity	Specific_Term
West Africa	Specific_Term
Whooper Swan	Specific_Term
Wildlife	Specific_Term
Wildlife Protection	Specific_Term
Xiphophorus	Specific_Term
Yellow Sea	Specific_Term
Yunnan	Specific_Term
Zhejiang	Specific_Term
abandonment	Specific_Term
abrasion	Specific_Term
abscisic acid	Specific_Term
abundance	Specific_Term
acceptable daily intake	Specific_Term
access to the sea	Specific_Term
accessibility	Specific_Term
accretion	Specific_Term
accumulation	Specific_Term
accumulator	Specific_Term
acid	Specific_Term
acidification	Specific_Term
active	Specific_Term
activities	Specific_Term
adaptation	Specific_Term
adaptation strategy	Specific_Term
additive	Specific_Term
administrators	Specific_Term
adult	Specific_Term
adverse effects	Specific_Term
afforestation	Specific_Term
agar	Specific_Term
age structure	Specific_Term
aged	Specific_Term
aggregates	Specific_Term
aggregation	Specific_Term
agricultural production	Specific_Term
agriculture	Specific_Term
air	Specific_Term
airport	Specific_Term
airports	Specific_Term
aldehydes	Specific_Term
algae	Specific_Term
algal blooms	Specific_Term
alien species	Specific_Term
alkalinity	Specific_Term
alteration	Specific_Term
alternative farming	Specific_Term
amino acids	Specific_Term
amphipods	Specific_Term
amplitude	Specific_Term
analysis	Specific_Term
animal	Specific_Term
animals	Specific_Term
annuals	Specific_Term
anomalous	Specific_Term
anthropogenic	Specific_Term
anthropogenic factors	Specific_Term
antibiotic	Specific_Term
anticipation	Specific_Term
antioxidants	Specific_Term
apple snails	Specific_Term
approaches	Specific_Term
aquaculture	Specific_Term
aquaculture production	Specific_Term
aquaculture systems	Specific_Term
aquatic ecosystems	Specific_Term
aquatic environment	Specific_Term
aquatic fauna	Specific_Term
aquatic organisms	Specific_Term
aquatic vegetation	Specific_Term
aquifer	Specific_Term
aquifers	Specific_Term
archipelago	Specific_Term
aromatic hydrocarbon	Specific_Term
aromatic hydrocarbons	Specific_Term
arthropods	Specific_Term
ascorbic acid	Specific_Term
assemblages	Specific_Term
assessment	Specific_Term
assets	Specific_Term
astronomical tides	Specific_Term
atmospheric CO2	Specific_Term
attractiveness	Specific_Term
authorities	Specific_Term
autumn	Specific_Term
availability	Specific_Term
bacteria	Specific_Term
bacterioplankton	Specific_Term
barges	Specific_Term
barriers	Specific_Term
bars	Specific_Term
basins	Specific_Term
bathymetry	Specific_Term
bay	Specific_Term
beach	Specific_Term
beach erosion	Specific_Term
beaches	Specific_Term
bed friction	Specific_Term
bedrock	Specific_Term
beds	Specific_Term
benefits	Specific_Term
benthic ecosystem	Specific_Term
bighead carp	Specific_Term
bioaccumulation	Specific_Term
bioactive compounds	Specific_Term
bioavailability	Specific_Term
biodiversity	Specific_Term
biodiversity loss	Specific_Term
biofilms	Specific_Term
biogeography	Specific_Term
biological cycle	Specific_Term
biological factors	Specific_Term
biomanipulation	Specific_Term
biomass	Specific_Term
bioproducts	Specific_Term
bioremediation	Specific_Term
biota	Specific_Term
biotite	Specific_Term
biotopes	Specific_Term
bioturbation	Specific_Term
bird	Specific_Term
birds	Specific_Term
bivalves	Specific_Term
black	Specific_Term
black carp	Specific_Term
block	Specific_Term
bloom	Specific_Term
blue	Specific_Term
bodies	Specific_Term
body condition	Specific_Term
border closures	Specific_Term
bottom topography	Specific_Term
boundary layer	Specific_Term
breakwaters	Specific_Term
breeding	Specific_Term
breeding seasons	Specific_Term
brown algae	Specific_Term
building	Specific_Term
buildings	Specific_Term
bulldozers	Specific_Term
bycatch	Specific_Term
caddisflies	Specific_Term
cadmium	Specific_Term
cage culture	Specific_Term
canals	Specific_Term
canyon	Specific_Term
canyons	Specific_Term
carbon	Specific_Term
carbon cycling	Specific_Term
carbon emission	Specific_Term
carbon sequestration	Specific_Term
carbonate	Specific_Term
carbonation	Specific_Term
cargo	Specific_Term
cars	Specific_Term
catfish	Specific_Term
caves	Specific_Term
cetaceans	Specific_Term
chalk	Specific_Term
change	Specific_Term
changing	Specific_Term
channel catfish	Specific_Term
channels	Specific_Term
chemical	Specific_Term
chloramphenicol	Specific_Term
chloride	Specific_Term
chlorophyll	Specific_Term
chlorpyrifos	Specific_Term
chromium	Specific_Term
cities	Specific_Term
citizens	Specific_Term
civil engineering	Specific_Term
cleaning	Specific_Term
cliffs	Specific_Term
climate change	Specific_Term
climate variability	Specific_Term
coast	Specific_Term
coastal aquifers	Specific_Term
coastal area	Specific_Term
coastal areas	Specific_Term
coastal communities	Specific_Term
coastal development	Specific_Term
coastal ecosystem	Specific_Term
coastal engineering	Specific_Term
coastal environment	Specific_Term
coastal flooding	Specific_Term
coastal lagoons	Specific_Term
coastal management	Specific_Term
coastal marshes	Specific_Term
coastal structures	Specific_Term
coastal upwelling	Specific_Term
coastal waters	Specific_Term
coastal zone management	Specific_Term
coastal zones	Specific_Term
coasts	Specific_Term
cold	Specific_Term
collisions	Specific_Term
colonies	Specific_Term
combined effects	Specific_Term
combustion	Specific_Term
common carp	Specific_Term
common guillemot	Specific_Term
communication	Specific_Term
communities	Specific_Term
community structure	Specific_Term
competition	Specific_Term
complex formation	Specific_Term
composition	Specific_Term
concentration	Specific_Term
concrete structures	Specific_Term
conductivity	Specific_Term
conflict	Specific_Term
conflict of interests	Specific_Term
conflicts	Specific_Term
conopeum	Specific_Term
conservation	Specific_Term
constructed wetlands	Specific_Term
construction	Specific_Term
consumers	Specific_Term
consumption	Specific_Term
contaminants	Specific_Term
contamination	Specific_Term
continental shelf	Specific_Term
control	Specific_Term
conversion	Specific_Term
cool	Specific_Term
cooling systems	Specific_Term
cooperation	Specific_Term
coordinating	Specific_Term
copepods	Specific_Term
copper	Specific_Term
coral	Specific_Term
coral reefs	Specific_Term
corals	Specific_Term
correlation	Specific_Term
corridors	Specific_Term
corrosion	Specific_Term
cosmetics	Specific_Term
cosmopolitan species	Specific_Term
cost	Specific_Term
countries	Specific_Term
country	Specific_Term
crabs	Specific_Term
crop	Specific_Term
crucian carp	Specific_Term
crude oil	Specific_Term
crustaceans	Specific_Term
culture	Specific_Term
currents	Specific_Term
cuttlefish	Specific_Term
cyanobacteria	Specific_Term
cycling	Specific_Term
cyclones	Specific_Term
cygnus	Specific_Term
cytokinins	Specific_Term
damage	Specific_Term
dams	Specific_Term
damselfish	Specific_Term
data	Specific_Term
dataset	Specific_Term
daytime	Specific_Term
decapods	Specific_Term
decision making	Specific_Term
decision support	Specific_Term
decision-making	Specific_Term
decomposition	Specific_Term
decrease	Specific_Term
degradation	Specific_Term
delivery	Specific_Term
delta	Specific_Term
deltas	Specific_Term
density	Specific_Term
deposition	Specific_Term
deposits	Specific_Term
depression	Specific_Term
detection	Specific_Term
deterioration	Specific_Term
determinants	Specific_Term
developing countries	Specific_Term
development	Specific_Term
diatom	Specific_Term
diatoms	Specific_Term
diet	Specific_Term
diets	Specific_Term
dimensions	Specific_Term
dinoflagellates	Specific_Term
dioxin	Specific_Term
dioxins	Specific_Term
disaster	Specific_Term
disaster prevention	Specific_Term
disaster risk reduction	Specific_Term
disasters	Specific_Term
discards	Specific_Term
discharge	Specific_Term
dispersal	Specific_Term
dispersion	Specific_Term
displacement	Specific_Term
dissolved inorganic nitrogen	Specific_Term
dissolved oxygen	Specific_Term
distance	Specific_Term
distribution	Specific_Term
distributions	Specific_Term
disturbance	Specific_Term
disturbances	Specific_Term
ditch	Specific_Term
ditches	Specific_Term
diversity	Specific_Term
dominant species	Specific_Term
drainage	Specific_Term
dredging	Specific_Term
drift sand	Specific_Term
drinking water	Specific_Term
driving	Specific_Term
drugs	Specific_Term
dry season	Specific_Term
duck	Specific_Term
dune	Specific_Term
dunes	Specific_Term
durability	Specific_Term
duration	Specific_Term
early warning system	Specific_Term
earthquake	Specific_Term
earthquakes	Specific_Term
ecological capacity	Specific_Term
ecological restoration	Specific_Term
ecological sciences	Specific_Term
ecology	Specific_Term
economic activity	Specific_Term
economic benefits	Specific_Term
economic development	Specific_Term
economies	Specific_Term
economy	Specific_Term
ecosystem	Specific_Term
ecosystem conservation	Specific_Term
ecosystem restoration	Specific_Term
ecosystem services	Specific_Term
ecosystems	Specific_Term
effects	Specific_Term
efficiency	Specific_Term
effluent	Specific_Term
effluents	Specific_Term
eggs	Specific_Term
electrical conductivity	Specific_Term
electronic equipment	Specific_Term
elevation	Specific_Term
emissions	Specific_Term
employment	Specific_Term
encroachment	Specific_Term
endangered species	Specific_Term
endemism	Specific_Term
energy	Specific_Term
energy production	Specific_Term
engineering	Specific_Term
engineers	Specific_Term
enrichment	Specific_Term
entanglement	Specific_Term
environment	Specific_Term
environmental change	Specific_Term
environmental conditions	Specific_Term
environmental contamination	Specific_Term
environmental degradation	Specific_Term
environmental effects	Specific_Term
environmental factors	Specific_Term
environmental impact	Specific_Term
environmental management	Specific_Term
environmental monitoring	Specific_Term
environmental policies	Specific_Term
environmental pollution	Specific_Term
environmental quality	Specific_Term
environmental standards	Specific_Term
enzymes	Specific_Term
equipment	Specific_Term
erosion	Specific_Term
eruptions	Specific_Term
estuaries	Specific_Term
estuary	Specific_Term
ethylene	Specific_Term
eutrophication	Specific_Term
evacuation	Specific_Term
evaporation	Specific_Term
evolution	Specific_Term
exploitation	Specific_Term
explosion	Specific_Term
explosions	Specific_Term
export	Specific_Term
exposure	Specific_Term
extension	Specific_Term
extensive farming	Specific_Term
extirpation	Specific_Term
extraction	Specific_Term
extreme values	Specific_Term
extreme weather events	Specific_Term
factors	Specific_Term
farm	Specific_Term
farmers	Specific_Term
farming	Specific_Term
farming systems	Specific_Term
farms	Specific_Term
fate	Specific_Term
fattening	Specific_Term
fault	Specific_Term
faults	Specific_Term
fauna	Specific_Term
fecal pellets	Specific_Term
feeding	Specific_Term
females	Specific_Term
fertilizer application	Specific_Term
fields	Specific_Term
filtering	Specific_Term
filtration	Specific_Term
fine	Specific_Term
finishing	Specific_Term
fish	Specific_Term
fish fauna	Specific_Term
fish kills	Specific_Term
fisheries	Specific_Term
fishery	Specific_Term
fishes	Specific_Term
fishing	Specific_Term
fishing effort	Specific_Term
fishing gear	Specific_Term
fishing grounds	Specific_Term
flamingoes	Specific_Term
flash floods	Specific_Term
floating	Specific_Term
floating structures	Specific_Term
flood	Specific_Term
flood damage	Specific_Term
flooding	Specific_Term
floodplain	Specific_Term
floods	Specific_Term
flora	Specific_Term
flow	Specific_Term
flushing	Specific_Term
food	Specific_Term
food chain	Specific_Term
food environment	Specific_Term
food industry	Specific_Term
food production	Specific_Term
food requirements	Specific_Term
food security	Specific_Term
food webs	Specific_Term
foods	Specific_Term
forage	Specific_Term
foraging	Specific_Term
forcing	Specific_Term
forecast	Specific_Term
forest	Specific_Term
fossil	Specific_Term
fossil fuel	Specific_Term
fragmentation	Specific_Term
framework	Specific_Term
freedom of choice	Specific_Term
frequency	Specific_Term
fresh water	Specific_Term
freshwater	Specific_Term
freshwater fishes	Specific_Term
freshwater management	Specific_Term
freshwater resources	Specific_Term
friction	Specific_Term
fuel	Specific_Term
future	Specific_Term
gametogenesis	Specific_Term
gardens	Specific_Term
gas	Specific_Term
gelatinous zooplankton	Specific_Term
genus	Specific_Term
geodynamics	Specific_Term
geography	Specific_Term
gibberellins	Specific_Term
gillnets	Specific_Term
global warming	Specific_Term
gneiss	Specific_Term
good ecological status	Specific_Term
good governance	Specific_Term
goods and services	Specific_Term
governance	Specific_Term
grain size	Specific_Term
granite	Specific_Term
grass	Specific_Term
grass carp	Specific_Term
grasses	Specific_Term
grassland	Specific_Term
grasslands	Specific_Term
gravity	Specific_Term
grazing	Specific_Term
grazing pressure	Specific_Term
greater scaup	Specific_Term
green algae	Specific_Term
greenbelt	Specific_Term
groins	Specific_Term
ground	Specific_Term
groundwater	Specific_Term
groundwater extraction	Specific_Term
groundwater management	Specific_Term
groundwater quality	Specific_Term
groundwater table	Specific_Term
groups	Specific_Term
growing	Specific_Term
growth	Specific_Term
growth rate	Specific_Term
gulf	Specific_Term
gulls	Specific_Term
gyres	Specific_Term
habitat	Specific_Term
habitat suitability	Specific_Term
habitat types	Specific_Term
habitats	Specific_Term
harbours	Specific_Term
harm	Specific_Term
harvest	Specific_Term
hazard	Specific_Term
hazardous substances	Specific_Term
hazards	Specific_Term
health status	Specific_Term
heat transport	Specific_Term
heavy metal	Specific_Term
heavy metals	Specific_Term
herbaceous plants	Specific_Term
herbicide	Specific_Term
herbs	Specific_Term
herring	Specific_Term
high temperature	Specific_Term
hook fishing	Specific_Term
horse mackerel	Specific_Term
household	Specific_Term
households	Specific_Term
housing	Specific_Term
human being	Specific_Term
human health	Specific_Term
human population	Specific_Term
human well-being	Specific_Term
humans	Specific_Term
humus content	Specific_Term
hurricane	Specific_Term
hurricanes	Specific_Term
hydraulic conductivity	Specific_Term
hydrocarbon	Specific_Term
hydrocarbons	Specific_Term
hydrodynamics	Specific_Term
hydrology	Specific_Term
hydroponics	Specific_Term
ice	Specific_Term
ice caps	Specific_Term
ice loss	Specific_Term
ice sheet	Specific_Term
ichthyoplankton	Specific_Term
impact	Specific_Term
impacts	Specific_Term
implementation	Specific_Term
import	Specific_Term
improving	Specific_Term
increase	Specific_Term
index	Specific_Term
indicator species	Specific_Term
indigenous species	Specific_Term
individual	Specific_Term
individuals	Specific_Term
industrial effluents	Specific_Term
industrialization	Specific_Term
industry	Specific_Term
infiltration	Specific_Term
inflow	Specific_Term
infrastructure	Specific_Term
inorganic carbon	Specific_Term
inorganic compounds	Specific_Term
inputs	Specific_Term
insect	Specific_Term
insecticides	Specific_Term
instability	Specific_Term
institutions	Specific_Term
integrated production	Specific_Term
intensive farming	Specific_Term
interaction	Specific_Term
intermediate host	Specific_Term
intertidal zone	Specific_Term
inundation	Specific_Term
invasive species	Specific_Term
invertebrate	Specific_Term
invertebrates	Specific_Term
involvement	Specific_Term
ion	Specific_Term
iron	Specific_Term
irradiance	Specific_Term
irrigation	Specific_Term
island	Specific_Term
islands	Specific_Term
isolation	Specific_Term
isotope	Specific_Term
jurisdiction	Specific_Term
juveniles	Specific_Term
karst	Specific_Term
kinematics	Specific_Term
knowledge	Specific_Term
lagoon	Specific_Term
lagoons	Specific_Term
lake	Specific_Term
lake restoration	Specific_Term
lakes	Specific_Term
land	Specific_Term
land areas	Specific_Term
land cover	Specific_Term
land degradation	Specific_Term
land governance	Specific_Term
land subsidence	Specific_Term
land tenure	Specific_Term
land use	Specific_Term
land use change	Specific_Term
land use planning	Specific_Term
landfill leachate	Specific_Term
landforms	Specific_Term
lands	Specific_Term
landscape	Specific_Term
landscape management	Specific_Term
landslides	Specific_Term
larvae	Specific_Term
lawns	Specific_Term
lead	Specific_Term
leaf	Specific_Term
leaves	Specific_Term
legal liability	Specific_Term
lesser	Specific_Term
levels	Specific_Term
life	Specific_Term
light	Specific_Term
light pollution	Specific_Term
lipid	Specific_Term
lithology	Specific_Term
lithosphere	Specific_Term
litter	Specific_Term
littoral	Specific_Term
littorals	Specific_Term
living standards	Specific_Term
local communities	Specific_Term
loess	Specific_Term
longshore currents	Specific_Term
loriciferans	Specific_Term
loss	Specific_Term
losses	Specific_Term
low temperature	Specific_Term
mackerel	Specific_Term
macrobenthos	Specific_Term
macroinvertebrates	Specific_Term
macrophyte	Specific_Term
macrophytes	Specific_Term
maintenance	Specific_Term
males	Specific_Term
management	Specific_Term
managers	Specific_Term
mangrove	Specific_Term
mangrove forests	Specific_Term
mangrove plants	Specific_Term
mangrove restoration	Specific_Term
mangroves	Specific_Term
mapping	Specific_Term
maps	Specific_Term
mariculture	Specific_Term
marina	Specific_Term
marine areas	Specific_Term
marine birds	Specific_Term
marine debris	Specific_Term
marine ecosystem	Specific_Term
marine ecosystems	Specific_Term
marine environment	Specific_Term
marine fish	Specific_Term
marine fishes	Specific_Term
marine litter	Specific_Term
marine mammals	Specific_Term
marine organisms	Specific_Term
market	Specific_Term
marsh	Specific_Term
marshes	Specific_Term
material	Specific_Term
materials	Specific_Term
maturity	Specific_Term
mayflies	Specific_Term
measurement	Specific_Term
measures	Specific_Term
mechanical equipment	Specific_Term
medicine	Specific_Term
mercury	Specific_Term
metabolism	Specific_Term
metal	Specific_Term
metalloids	Specific_Term
metals	Specific_Term
method	Specific_Term
methods	Specific_Term
metrics	Specific_Term
micro-organisms	Specific_Term
microalgae	Specific_Term
microorganisms	Specific_Term
microplastic pollution	Specific_Term
microplastics	Specific_Term
migrants	Specific_Term
migration	Specific_Term
mineralization	Specific_Term
mining	Specific_Term
mitigation	Specific_Term
mixing	Specific_Term
mobility	Specific_Term
model	Specific_Term
modelling	Specific_Term
modern	Specific_Term
molluscs	Specific_Term
monetary assessment	Specific_Term
monitoring	Specific_Term
monoculture	Specific_Term
moraine	Specific_Term
morphology	Specific_Term
mortality	Specific_Term
moss	Specific_Term
mowing	Specific_Term
municipal sewage	Specific_Term
municipalities	Specific_Term
mussels	Specific_Term
native species	Specific_Term
natural disaster	Specific_Term
natural disasters	Specific_Term
natural environment	Specific_Term
natural hazard	Specific_Term
natural heritage	Specific_Term
natural resource	Specific_Term
nature	Specific_Term
nature reserves	Specific_Term
nearshore currents	Specific_Term
nekton	Specific_Term
nesting	Specific_Term
new genus	Specific_Term
new species	Specific_Term
nickel	Specific_Term
nitrate	Specific_Term
nitrogen	Specific_Term
noise pollution	Specific_Term
non-native species	Specific_Term
nurseries	Specific_Term
nutrient	Specific_Term
nutrient cycling	Specific_Term
nutrient transport	Specific_Term
nutrients	Specific_Term
ocean	Specific_Term
ocean acidification	Specific_Term
ocean circulation	Specific_Term
ocean currents	Specific_Term
oceanic islands	Specific_Term
oil	Specific_Term
oil spill	Specific_Term
oil spills	Specific_Term
oiling	Specific_Term
oligochaetes	Specific_Term
oligosaccharides	Specific_Term
oligotrophic lakes	Specific_Term
open sea	Specific_Term
open water	Specific_Term
operation	Specific_Term
orange	Specific_Term
organ	Specific_Term
organic carbon	Specific_Term
organic compounds	Specific_Term
organic material	Specific_Term
organic matter	Specific_Term
organic pollution	Specific_Term
organism	Specific_Term
organisms	Specific_Term
organizations	Specific_Term
oscillations	Specific_Term
otter	Specific_Term
otters	Specific_Term
outdoor cultivation	Specific_Term
outfalls	Specific_Term
overburden	Specific_Term
overexploitation	Specific_Term
overfishing	Specific_Term
oxidative stress	Specific_Term
oxygen	Specific_Term
pack ice	Specific_Term
paddy fields	Specific_Term
parasite	Specific_Term
participation	Specific_Term
particle	Specific_Term
particle size	Specific_Term
particle size distribution	Specific_Term
particles	Specific_Term
particulate matter	Specific_Term
past	Specific_Term
peat	Specific_Term
peatlands	Specific_Term
pelagic environment	Specific_Term
pelagic fish	Specific_Term
people	Specific_Term
peoples	Specific_Term
perception	Specific_Term
perch	Specific_Term
performance	Specific_Term
persistence	Specific_Term
pest control	Specific_Term
pesticides	Specific_Term
petroleum	Specific_Term
pharmaceuticals	Specific_Term
phenolic compounds	Specific_Term
phenotypic plasticity	Specific_Term
phosphate	Specific_Term
phosphorus	Specific_Term
photoinhibition	Specific_Term
photosynthesis	Specific_Term
phylum	Specific_Term
physical properties	Specific_Term
physico-chemical properties	Specific_Term
physicochemical properties	Specific_Term
physiological adaptation	Specific_Term
phytoextraction	Specific_Term
phytohormones	Specific_Term
phytoplankton	Specific_Term
phytoplankton communities	Specific_Term
phytoremediation	Specific_Term
pigments	Specific_Term
pilot projects	Specific_Term
pine	Specific_Term
pipe	Specific_Term
piscivory	Specific_Term
pits	Specific_Term
plaice	Specific_Term
plankton	Specific_Term
planning	Specific_Term
plans	Specific_Term
plant communities	Specific_Term
plant community	Specific_Term
plant formations	Specific_Term
plant growth	Specific_Term
plant species	Specific_Term
planting	Specific_Term
plants	Specific_Term
plastic	Specific_Term
plastic debris	Specific_Term
plastic waste	Specific_Term
plastics	Specific_Term
plate	Specific_Term
plates	Specific_Term
polder	Specific_Term
policies	Specific_Term
policy	Specific_Term
pollutant	Specific_Term
pollutants	Specific_Term
polluted areas	Specific_Term
pollution	Specific_Term
pollution indicators	Specific_Term
pollution load	Specific_Term
polyculture	Specific_Term
polycyclic aromatic hydrocarbons	Specific_Term
polyethylene	Specific_Term
polypropylene	Specific_Term
polyps	Specific_Term
polysaccharides	Specific_Term
polystyrene	Specific_Term
polyvinyl chloride	Specific_Term
pond	Specific_Term
pond culture	Specific_Term
ponds	Specific_Term
pontoons	Specific_Term
population	Specific_Term
population density	Specific_Term
population dynamics	Specific_Term
population growth	Specific_Term
population structure	Specific_Term
populations	Specific_Term
ports	Specific_Term
potable water	Specific_Term
potential	Specific_Term
power	Specific_Term
precipitation	Specific_Term
predation	Specific_Term
predator	Specific_Term
predators	Specific_Term
presence	Specific_Term
preservation	Specific_Term
preserve	Specific_Term
pressure	Specific_Term
prevention	Specific_Term
prey	Specific_Term
primary production	Specific_Term
primary productivity	Specific_Term
principles	Specific_Term
processes	Specific_Term
produce	Specific_Term
producers	Specific_Term
production	Specific_Term
production systems	Specific_Term
productivity	Specific_Term
products	Specific_Term
profit	Specific_Term
prohibitions	Specific_Term
projects	Specific_Term
property	Specific_Term
protected area	Specific_Term
protected areas	Specific_Term
protection	Specific_Term
proteins	Specific_Term
provenance	Specific_Term
provinces	Specific_Term
provisions	Specific_Term
public	Specific_Term
public health	Specific_Term
public participation	Specific_Term
pumping	Specific_Term
quality	Specific_Term
quantity	Specific_Term
rDNA	Specific_Term
radar	Specific_Term
radiation	Specific_Term
rain	Specific_Term
rainbow trout	Specific_Term
rainfall	Specific_Term
raised beaches	Specific_Term
rare animals	Specific_Term
real estate	Specific_Term
recognition	Specific_Term
recovery	Specific_Term
recruitment	Specific_Term
recycling	Specific_Term
red algae	Specific_Term
red list	Specific_Term
red mullet	Specific_Term
reef	Specific_Term
reef fishes	Specific_Term
reefs	Specific_Term
reforestation	Specific_Term
refraction	Specific_Term
refuge	Specific_Term
refugees	Specific_Term
region	Specific_Term
regional economy	Specific_Term
regions	Specific_Term
regulation	Specific_Term
regulations	Specific_Term
regulators	Specific_Term
regulatory measures	Specific_Term
rehabilitation	Specific_Term
removal	Specific_Term
repair	Specific_Term
reproduction	Specific_Term
requirements	Specific_Term
research	Specific_Term
research groups	Specific_Term
research project	Specific_Term
research projects	Specific_Term
researchers	Specific_Term
reservoir	Specific_Term
reservoirs	Specific_Term
resilience	Specific_Term
resistance genes	Specific_Term
resource	Specific_Term
resource management	Specific_Term
resource use	Specific_Term
resource utilization	Specific_Term
resources	Specific_Term
rice	Specific_Term
rip currents	Specific_Term
risk	Specific_Term
risk analysis	Specific_Term
risk assessment	Specific_Term
risk management	Specific_Term
risk perception	Specific_Term
risk reduction	Specific_Term
risks	Specific_Term
river	Specific_Term
river discharge	Specific_Term
river mouth	Specific_Term
river plumes	Specific_Term
rivers	Specific_Term
roach	Specific_Term
rock	Specific_Term
rocks	Specific_Term
root system	Specific_Term
roots	Specific_Term
safety	Specific_Term
saline water	Specific_Term
salinity	Specific_Term
salmon	Specific_Term
salmonids	Specific_Term
salt	Specific_Term
salt content	Specific_Term
salt marsh	Specific_Term
salts	Specific_Term
saltwater	Specific_Term
saltwater intrusion	Specific_Term
samples	Specific_Term
sand	Specific_Term
school	Specific_Term
scientists	Specific_Term
sea	Specific_Term
sea caves	Specific_Term
sea floor	Specific_Term
sea level	Specific_Term
sea level rise	Specific_Term
sea urchins	Specific_Term
seabirds	Specific_Term
seagrass	Specific_Term
seagrasses	Specific_Term
seals	Specific_Term
seas	Specific_Term
seasonal changes	Specific_Term
seasonal variation	Specific_Term
seasons	Specific_Term
seawater	Specific_Term
seaweed farming	Specific_Term
seaweeds	Specific_Term
secondary metabolites	Specific_Term
sediment	Specific_Term
sediment deposition	Specific_Term
sediment transport	Specific_Term
sediment-water interface	Specific_Term
sedimentation	Specific_Term
sediments	Specific_Term
seed dispersal	Specific_Term
seedlings	Specific_Term
segregation	Specific_Term
seismic activity	Specific_Term
selection	Specific_Term
separating	Specific_Term
services	Specific_Term
seston	Specific_Term
settlement	Specific_Term
settlements	Specific_Term
sewage	Specific_Term
sewage treatment	Specific_Term
sex	Specific_Term
sexual dimorphism	Specific_Term
sexual reproduction	Specific_Term
sharks	Specific_Term
shellfish	Specific_Term
shellfish culture	Specific_Term
ship	Specific_Term
ships	Specific_Term
shoals	Specific_Term
shore protection	Specific_Term
shoreline	Specific_Term
shores	Specific_Term
shortening	Specific_Term
shrimp farming	Specific_Term
shrubs	Specific_Term
silver carp	Specific_Term
simulation	Specific_Term
site	Specific_Term
site selection	Specific_Term
size	Specific_Term
skills	Specific_Term
slope	Specific_Term
smaller	Specific_Term
smoltification	Specific_Term
smolts	Specific_Term
snails	Specific_Term
snowmelt	Specific_Term
social participation	Specific_Term
socioeconomic development	Specific_Term
socioeconomic factors	Specific_Term
soil	Specific_Term
soil erosion	Specific_Term
soil pH	Specific_Term
soil productivity	Specific_Term
soil properties	Specific_Term
soil resources	Specific_Term
soil salinity	Specific_Term
soil salinization	Specific_Term
soil type	Specific_Term
soils	Specific_Term
solar radiation	Specific_Term
sorption	Specific_Term
sound	Specific_Term
source	Specific_Term
sources	Specific_Term
spatial distribution	Specific_Term
spawn	Specific_Term
spawning	Specific_Term
species	Specific_Term
species composition	Specific_Term
species richness	Specific_Term
sprat	Specific_Term
spread	Specific_Term
spring	Specific_Term
squids	Specific_Term
stability	Specific_Term
stable	Specific_Term
stable isotopes	Specific_Term
stakeholders	Specific_Term
state	Specific_Term
stations	Specific_Term
steam power plants	Specific_Term
stems	Specific_Term
stocking	Specific_Term
stocks	Specific_Term
storm	Specific_Term
storm surges	Specific_Term
storm tides	Specific_Term
storms	Specific_Term
stormwater	Specific_Term
strategies	Specific_Term
strategy	Specific_Term
streams	Specific_Term
strengthening	Specific_Term
stromatolites	Specific_Term
structure	Specific_Term
structures	Specific_Term
students	Specific_Term
studies	Specific_Term
studying	Specific_Term
subduction	Specific_Term
submarine	Specific_Term
submarine canyons	Specific_Term
subsidence	Specific_Term
substances	Specific_Term
substrata	Specific_Term
substrates	Specific_Term
success	Specific_Term
suitability	Specific_Term
summer	Specific_Term
supplements	Specific_Term
supply and demand	Specific_Term
support	Specific_Term
surf zone	Specific_Term
surface	Specific_Term
surface water	Specific_Term
surveillance	Specific_Term
survival	Specific_Term
sustainability	Specific_Term
sustainable aquaculture	Specific_Term
sustainable development	Specific_Term
sustainable management	Specific_Term
swamp	Specific_Term
swell	Specific_Term
synergistic effect	Specific_Term
systems	Specific_Term
taphonomy	Specific_Term
targeting	Specific_Term
taxa	Specific_Term
technology	Specific_Term
tectonics	Specific_Term
temperature	Specific_Term
temporal variations	Specific_Term
terraces	Specific_Term
terrestrial environment	Specific_Term
terrestrial plants	Specific_Term
territory	Specific_Term
thallus	Specific_Term
thickness	Specific_Term
thiols	Specific_Term
threatened species	Specific_Term
threats	Specific_Term
tidal currents	Specific_Term
tidal inlets	Specific_Term
tidal marshes	Specific_Term
tidal waves	Specific_Term
tide	Specific_Term
tides	Specific_Term
timber	Specific_Term
timing	Specific_Term
toilets	Specific_Term
topography	Specific_Term
topsoil	Specific_Term
total rainfall	Specific_Term
tourism	Specific_Term
toxicity	Specific_Term
traces	Specific_Term
trade	Specific_Term
trails	Specific_Term
transference	Specific_Term
translocation	Specific_Term
transplantation	Specific_Term
transport	Specific_Term
transport corridors	Specific_Term
transportation	Specific_Term
trawlers	Specific_Term
treatment	Specific_Term
trees	Specific_Term
tritium	Specific_Term
trophic level	Specific_Term
trophic levels	Specific_Term
tropical cyclones	Specific_Term
tropical regions	Specific_Term
trout	Specific_Term
tsunamis	Specific_Term
turbulence	Specific_Term
typhoon	Specific_Term
typologies	Specific_Term
uncertainty	Specific_Term
underground spaces	Specific_Term
unsaturated fatty acids	Specific_Term
upwelling	Specific_Term
urban area	Specific_Term
urban areas	Specific_Term
urbanisation	Specific_Term
urbanization	Specific_Term
use efficiency	Specific_Term
users	Specific_Term
utilization	Specific_Term
variability	Specific_Term
vegetation	Specific_Term
vegetation cover	Specific_Term
vehicle	Specific_Term
velocity	Specific_Term
vertical distribution	Specific_Term
vibration	Specific_Term
villages	Specific_Term
vitamins	Specific_Term
volcanic activity	Specific_Term
volume	Specific_Term
vortex	Specific_Term
vulnerability	Specific_Term
warming	Specific_Term
washing	Specific_Term
waste	Specific_Term
waste water	Specific_Term
wastes	Specific_Term
wastewater	Specific_Term
wastewater treatment	Specific_Term
water	Specific_Term
water bodies	Specific_Term
water body	Specific_Term
water column	Specific_Term
water level	Specific_Term
water levels	Specific_Term
water management	Specific_Term
water pollution	Specific_Term
water quality	Specific_Term
water resources	Specific_Term
water science	Specific_Term
water supplies	Specific_Term
water supply	Specific_Term
water surface slope	Specific_Term
water table	Specific_Term
water temperature	Specific_Term
waterbirds	Specific_Term
watering	Specific_Term
waters	Specific_Term
watersheds	Specific_Term
waterways	Specific_Term
wave energy	Specific_Term
wave height	Specific_Term
waves	Specific_Term
weather	Specific_Term
weathering	Specific_Term
wells	Specific_Term
wet season	Specific_Term
wetland	Specific_Term
wetland vegetation	Specific_Term
wetlands	Specific_Term
white	Specific_Term
whiting	Specific_Term
wildlife	Specific_Term
wind	Specific_Term
wind speed	Specific_Term
wind waves	Specific_Term
winds	Specific_Term
winter	Specific_Term
zooplankton	Specific_Term
