Twenty	O
one	O
papers	O
were	O
found	O
,	O
which	O
report	O
a	O
total	O
of	O
73	O
species	B-RESOURCE
of	I-RESOURCE
flora	I-RESOURCE
and	I-RESOURCE
fauna	I-RESOURCE
superficially	O
associated	O
with	O
eight	O
species	O
of	O
large	B-QUALITY
marine	I-QUALITY
vertebrates	I-QUALITY
:	O
Lepidochelys	B-ACTOR
olivacea	I-ACTOR
,	O
Eretmochelys	B-ACTOR
imbricata	I-ACTOR
,	O
Chelonia	B-ACTOR
mydas	I-ACTOR
,	O
Trichechus	B-ACTOR
manatus	I-ACTOR
manatus	I-ACTOR
,	O
Feresa	B-ACTOR
attenuata	I-ACTOR
,	O
Crocodylus	B-ACTOR
acutus	I-ACTOR
,	O
C	B-ACTOR
.	I-ACTOR
moreletii	I-ACTOR
,	O
Caiman	B-ACTOR
crocodilus	I-ACTOR
chiapasius	I-ACTOR
.	O
